{
	"textures": [
		{
			"image": "imagenes-0.png",
			"format": "RGBA8888",
			"size": {
				"w": 1257,
				"h": 974
			},
			"scale": 1,
			"frames": [
				{
					"filename": "plataformas/suelo",
					"rotated": false,
					"trimmed": false,
					"sourceSize": {
						"w": 600,
						"h": 25
					},
					"spriteSourceSize": {
						"x": 0,
						"y": 0,
						"w": 600,
						"h": 25
					},
					"frame": {
						"x": 1,
						"y": 1,
						"w": 600,
						"h": 25
					},
					"anchor": {
						"x": 0.5,
						"y": 0.5
					}
				},
				{
					"filename": "plataformas/techo",
					"rotated": false,
					"trimmed": false,
					"sourceSize": {
						"w": 600,
						"h": 25
					},
					"spriteSourceSize": {
						"x": 0,
						"y": 0,
						"w": 600,
						"h": 25
					},
					"frame": {
						"x": 1,
						"y": 1,
						"w": 600,
						"h": 25
					},
					"anchor": {
						"x": 0.5,
						"y": 0.5
					}
				},
				{
					"filename": "plataformas/pared",
					"rotated": false,
					"trimmed": false,
					"sourceSize": {
						"w": 25,
						"h": 600
					},
					"spriteSourceSize": {
						"x": 0,
						"y": 0,
						"w": 25,
						"h": 600
					},
					"frame": {
						"x": 1,
						"y": 28,
						"w": 25,
						"h": 600
					},
					"anchor": {
						"x": 0.5,
						"y": 0.5
					}
				},
				{
					"filename": "efectos/chispa-4",
					"rotated": false,
					"trimmed": true,
					"sourceSize": {
						"w": 222,
						"h": 169
					},
					"spriteSourceSize": {
						"x": 32,
						"y": 19,
						"w": 183,
						"h": 124
					},
					"frame": {
						"x": 28,
						"y": 28,
						"w": 183,
						"h": 124
					},
					"anchor": {
						"x": 0.5,
						"y": 0.5
					}
				},
				{
					"filename": "efectos/chispa-3",
					"rotated": false,
					"trimmed": true,
					"sourceSize": {
						"w": 222,
						"h": 169
					},
					"spriteSourceSize": {
						"x": 36,
						"y": 20,
						"w": 185,
						"h": 119
					},
					"frame": {
						"x": 213,
						"y": 28,
						"w": 185,
						"h": 119
					},
					"anchor": {
						"x": 0.5,
						"y": 0.5
					}
				},
				{
					"filename": "efectos/golpe-4",
					"rotated": false,
					"trimmed": true,
					"sourceSize": {
						"w": 173,
						"h": 169
					},
					"spriteSourceSize": {
						"x": 7,
						"y": 10,
						"w": 153,
						"h": 140
					},
					"frame": {
						"x": 28,
						"y": 154,
						"w": 153,
						"h": 140
					},
					"anchor": {
						"x": 0.5,
						"y": 0.5
					}
				},
				{
					"filename": "explosion/explosion_014",
					"rotated": false,
					"trimmed": true,
					"sourceSize": {
						"w": 162,
						"h": 144
					},
					"spriteSourceSize": {
						"x": 8,
						"y": 0,
						"w": 147,
						"h": 144
					},
					"frame": {
						"x": 28,
						"y": 296,
						"w": 147,
						"h": 144
					},
					"anchor": {
						"x": 0.5,
						"y": 0.5
					}
				},
				{
					"filename": "explosion/explosion_013",
					"rotated": false,
					"trimmed": true,
					"sourceSize": {
						"w": 162,
						"h": 144
					},
					"spriteSourceSize": {
						"x": 13,
						"y": 1,
						"w": 141,
						"h": 143
					},
					"frame": {
						"x": 28,
						"y": 442,
						"w": 141,
						"h": 143
					},
					"anchor": {
						"x": 0.5,
						"y": 0.5
					}
				},
				{
					"filename": "plataformas/plataforma",
					"rotated": false,
					"trimmed": false,
					"sourceSize": {
						"w": 256,
						"h": 38
					},
					"spriteSourceSize": {
						"x": 0,
						"y": 0,
						"w": 256,
						"h": 38
					},
					"frame": {
						"x": 603,
						"y": 1,
						"w": 256,
						"h": 38
					},
					"anchor": {
						"x": 0.5,
						"y": 0.5
					}
				},
				{
					"filename": "efectos/humo-10",
					"rotated": false,
					"trimmed": true,
					"sourceSize": {
						"w": 161,
						"h": 162
					},
					"spriteSourceSize": {
						"x": 5,
						"y": 15,
						"w": 144,
						"h": 135
					},
					"frame": {
						"x": 400,
						"y": 28,
						"w": 144,
						"h": 135
					},
					"anchor": {
						"x": 0.5,
						"y": 0.5
					}
				},
				{
					"filename": "basicos/barra_de_energia",
					"rotated": false,
					"trimmed": false,
					"sourceSize": {
						"w": 204,
						"h": 19
					},
					"spriteSourceSize": {
						"x": 0,
						"y": 0,
						"w": 204,
						"h": 19
					},
					"frame": {
						"x": 861,
						"y": 1,
						"w": 204,
						"h": 19
					},
					"anchor": {
						"x": 0.5,
						"y": 0.5
					}
				},
				{
					"filename": "efectos/golpe-5",
					"rotated": false,
					"trimmed": true,
					"sourceSize": {
						"w": 173,
						"h": 169
					},
					"spriteSourceSize": {
						"x": 18,
						"y": 19,
						"w": 143,
						"h": 132
					},
					"frame": {
						"x": 546,
						"y": 41,
						"w": 143,
						"h": 132
					},
					"anchor": {
						"x": 0.5,
						"y": 0.5
					}
				},
				{
					"filename": "explosion/explosion_012",
					"rotated": false,
					"trimmed": true,
					"sourceSize": {
						"w": 162,
						"h": 144
					},
					"spriteSourceSize": {
						"x": 12,
						"y": 2,
						"w": 141,
						"h": 142
					},
					"frame": {
						"x": 691,
						"y": 41,
						"w": 141,
						"h": 142
					},
					"anchor": {
						"x": 0.5,
						"y": 0.5
					}
				},
				{
					"filename": "interfaz/interfaz_linea",
					"rotated": false,
					"trimmed": true,
					"sourceSize": {
						"w": 190,
						"h": 30
					},
					"spriteSourceSize": {
						"x": 0,
						"y": 12,
						"w": 190,
						"h": 6
					},
					"frame": {
						"x": 861,
						"y": 22,
						"w": 190,
						"h": 6
					},
					"anchor": {
						"x": 0.5,
						"y": 0.5
					}
				},
				{
					"filename": "efectos/golpe-6",
					"rotated": false,
					"trimmed": true,
					"sourceSize": {
						"w": 173,
						"h": 169
					},
					"spriteSourceSize": {
						"x": 18,
						"y": 35,
						"w": 143,
						"h": 116
					},
					"frame": {
						"x": 28,
						"y": 587,
						"w": 143,
						"h": 116
					},
					"anchor": {
						"x": 0.5,
						"y": 0.5
					}
				},
				{
					"filename": "explosion/explosion_015",
					"rotated": false,
					"trimmed": true,
					"sourceSize": {
						"w": 162,
						"h": 144
					},
					"spriteSourceSize": {
						"x": 4,
						"y": 0,
						"w": 139,
						"h": 144
					},
					"frame": {
						"x": 1,
						"y": 705,
						"w": 139,
						"h": 144
					},
					"anchor": {
						"x": 0.5,
						"y": 0.5
					}
				},
				{
					"filename": "explosion/explosion_007",
					"rotated": false,
					"trimmed": true,
					"sourceSize": {
						"w": 162,
						"h": 144
					},
					"spriteSourceSize": {
						"x": 18,
						"y": 12,
						"w": 130,
						"h": 120
					},
					"frame": {
						"x": 1,
						"y": 851,
						"w": 130,
						"h": 120
					},
					"anchor": {
						"x": 0.5,
						"y": 0.5
					}
				},
				{
					"filename": "explosion/explosion_011",
					"rotated": false,
					"trimmed": true,
					"sourceSize": {
						"w": 162,
						"h": 144
					},
					"spriteSourceSize": {
						"x": 13,
						"y": 3,
						"w": 139,
						"h": 140
					},
					"frame": {
						"x": 142,
						"y": 705,
						"w": 139,
						"h": 140
					},
					"anchor": {
						"x": 0.5,
						"y": 0.5
					}
				},
				{
					"filename": "explosion/explosion_008",
					"rotated": false,
					"trimmed": true,
					"sourceSize": {
						"w": 162,
						"h": 144
					},
					"spriteSourceSize": {
						"x": 17,
						"y": 9,
						"w": 133,
						"h": 126
					},
					"frame": {
						"x": 142,
						"y": 847,
						"w": 133,
						"h": 126
					},
					"anchor": {
						"x": 0.5,
						"y": 0.5
					}
				},
				{
					"filename": "objetos/tridente_normal",
					"rotated": false,
					"trimmed": true,
					"sourceSize": {
						"w": 60,
						"h": 150
					},
					"spriteSourceSize": {
						"x": 6,
						"y": 6,
						"w": 54,
						"h": 137
					},
					"frame": {
						"x": 183,
						"y": 154,
						"w": 54,
						"h": 137
					},
					"anchor": {
						"x": 0.5,
						"y": 0.5
					}
				},
				{
					"filename": "efectos/humo-09",
					"rotated": false,
					"trimmed": true,
					"sourceSize": {
						"w": 161,
						"h": 162
					},
					"spriteSourceSize": {
						"x": 6,
						"y": 16,
						"w": 141,
						"h": 133
					},
					"frame": {
						"x": 239,
						"y": 149,
						"w": 141,
						"h": 133
					},
					"anchor": {
						"x": 0.5,
						"y": 0.5
					}
				},
				{
					"filename": "efectos/humo-08",
					"rotated": false,
					"trimmed": true,
					"sourceSize": {
						"w": 161,
						"h": 162
					},
					"spriteSourceSize": {
						"x": 7,
						"y": 17,
						"w": 139,
						"h": 131
					},
					"frame": {
						"x": 382,
						"y": 165,
						"w": 139,
						"h": 131
					},
					"anchor": {
						"x": 0.5,
						"y": 0.5
					}
				},
				{
					"filename": "efectos/golpe-3",
					"rotated": false,
					"trimmed": true,
					"sourceSize": {
						"w": 173,
						"h": 169
					},
					"spriteSourceSize": {
						"x": 15,
						"y": 21,
						"w": 138,
						"h": 123
					},
					"frame": {
						"x": 523,
						"y": 175,
						"w": 138,
						"h": 123
					},
					"anchor": {
						"x": 0.5,
						"y": 0.5
					}
				},
				{
					"filename": "explosion/explosion_010",
					"rotated": false,
					"trimmed": true,
					"sourceSize": {
						"w": 162,
						"h": 144
					},
					"spriteSourceSize": {
						"x": 14,
						"y": 6,
						"w": 137,
						"h": 134
					},
					"frame": {
						"x": 663,
						"y": 185,
						"w": 137,
						"h": 134
					},
					"anchor": {
						"x": 0.5,
						"y": 0.5
					}
				},
				{
					"filename": "explosion/explosion_009",
					"rotated": false,
					"trimmed": true,
					"sourceSize": {
						"w": 162,
						"h": 144
					},
					"spriteSourceSize": {
						"x": 16,
						"y": 7,
						"w": 134,
						"h": 131
					},
					"frame": {
						"x": 802,
						"y": 185,
						"w": 134,
						"h": 131
					},
					"anchor": {
						"x": 0.5,
						"y": 0.5
					}
				},
				{
					"filename": "efectos/humo-07",
					"rotated": false,
					"trimmed": true,
					"sourceSize": {
						"w": 161,
						"h": 162
					},
					"spriteSourceSize": {
						"x": 9,
						"y": 19,
						"w": 136,
						"h": 128
					},
					"frame": {
						"x": 1067,
						"y": 1,
						"w": 136,
						"h": 128
					},
					"anchor": {
						"x": 0.5,
						"y": 0.5
					}
				},
				{
					"filename": "enemigos/fantasma_asustando",
					"rotated": false,
					"trimmed": false,
					"sourceSize": {
						"w": 51,
						"h": 73
					},
					"spriteSourceSize": {
						"x": 0,
						"y": 0,
						"w": 51,
						"h": 73
					},
					"frame": {
						"x": 1205,
						"y": 1,
						"w": 51,
						"h": 73
					},
					"anchor": {
						"x": 0.5,
						"y": 0.5
					}
				},
				{
					"filename": "enemigos/fantasma_normal",
					"rotated": false,
					"trimmed": false,
					"sourceSize": {
						"w": 51,
						"h": 73
					},
					"spriteSourceSize": {
						"x": 0,
						"y": 0,
						"w": 51,
						"h": 73
					},
					"frame": {
						"x": 1205,
						"y": 76,
						"w": 51,
						"h": 73
					},
					"anchor": {
						"x": 0.5,
						"y": 0.5
					}
				},
				{
					"filename": "objetos/cuchillo_1",
					"rotated": false,
					"trimmed": true,
					"sourceSize": {
						"w": 150,
						"h": 150
					},
					"spriteSourceSize": {
						"x": 53,
						"y": 6,
						"w": 45,
						"h": 128
					},
					"frame": {
						"x": 834,
						"y": 41,
						"w": 45,
						"h": 128
					},
					"anchor": {
						"x": 0.5,
						"y": 0.5
					}
				},
				{
					"filename": "efectos/humo-06",
					"rotated": false,
					"trimmed": true,
					"sourceSize": {
						"w": 161,
						"h": 162
					},
					"spriteSourceSize": {
						"x": 11,
						"y": 22,
						"w": 131,
						"h": 123
					},
					"frame": {
						"x": 881,
						"y": 30,
						"w": 131,
						"h": 123
					},
					"anchor": {
						"x": 0.5,
						"y": 0.5
					}
				},
				{
					"filename": "efectos/humo-05",
					"rotated": false,
					"trimmed": true,
					"sourceSize": {
						"w": 161,
						"h": 162
					},
					"spriteSourceSize": {
						"x": 14,
						"y": 24,
						"w": 125,
						"h": 118
					},
					"frame": {
						"x": 938,
						"y": 155,
						"w": 125,
						"h": 118
					},
					"anchor": {
						"x": 0.5,
						"y": 0.5
					}
				},
				{
					"filename": "explosion/explosion_006",
					"rotated": false,
					"trimmed": true,
					"sourceSize": {
						"w": 162,
						"h": 144
					},
					"spriteSourceSize": {
						"x": 20,
						"y": 15,
						"w": 124,
						"h": 112
					},
					"frame": {
						"x": 1065,
						"y": 131,
						"w": 124,
						"h": 112
					},
					"anchor": {
						"x": 0.5,
						"y": 0.5
					}
				},
				{
					"filename": "explosion/explosion_005",
					"rotated": false,
					"trimmed": true,
					"sourceSize": {
						"w": 162,
						"h": 144
					},
					"spriteSourceSize": {
						"x": 23,
						"y": 16,
						"w": 119,
						"h": 109
					},
					"frame": {
						"x": 938,
						"y": 275,
						"w": 119,
						"h": 109
					},
					"anchor": {
						"x": 0.5,
						"y": 0.5
					}
				},
				{
					"filename": "efectos/humo-04",
					"rotated": false,
					"trimmed": true,
					"sourceSize": {
						"w": 161,
						"h": 162
					},
					"spriteSourceSize": {
						"x": 18,
						"y": 28,
						"w": 118,
						"h": 112
					},
					"frame": {
						"x": 1065,
						"y": 245,
						"w": 118,
						"h": 112
					},
					"anchor": {
						"x": 0.5,
						"y": 0.5
					}
				},
				{
					"filename": "objetos/robot",
					"rotated": false,
					"trimmed": false,
					"sourceSize": {
						"w": 71,
						"h": 120
					},
					"spriteSourceSize": {
						"x": 0,
						"y": 0,
						"w": 71,
						"h": 120
					},
					"frame": {
						"x": 1185,
						"y": 245,
						"w": 71,
						"h": 120
					},
					"anchor": {
						"x": 0.5,
						"y": 0.5
					}
				},
				{
					"filename": "objetos/copa",
					"rotated": false,
					"trimmed": true,
					"sourceSize": {
						"w": 128,
						"h": 128
					},
					"spriteSourceSize": {
						"x": 5,
						"y": 6,
						"w": 117,
						"h": 114
					},
					"frame": {
						"x": 1059,
						"y": 359,
						"w": 117,
						"h": 114
					},
					"anchor": {
						"x": 0.5,
						"y": 0.5
					}
				},
				{
					"filename": "conejo/conejo_salta",
					"rotated": false,
					"trimmed": false,
					"sourceSize": {
						"w": 75,
						"h": 91
					},
					"spriteSourceSize": {
						"x": 0,
						"y": 0,
						"w": 75,
						"h": 91
					},
					"frame": {
						"x": 1178,
						"y": 367,
						"w": 75,
						"h": 91
					},
					"anchor": {
						"x": 0.5,
						"y": 0.5
					}
				},
				{
					"filename": "objetos/madera",
					"rotated": false,
					"trimmed": false,
					"sourceSize": {
						"w": 34,
						"h": 127
					},
					"spriteSourceSize": {
						"x": 0,
						"y": 0,
						"w": 34,
						"h": 127
					},
					"frame": {
						"x": 177,
						"y": 296,
						"w": 34,
						"h": 127
					},
					"anchor": {
						"x": 0.5,
						"y": 0.5
					}
				},
				{
					"filename": "objetos/tridente_clavado",
					"rotated": false,
					"trimmed": true,
					"sourceSize": {
						"w": 60,
						"h": 150
					},
					"spriteSourceSize": {
						"x": 4,
						"y": 6,
						"w": 56,
						"h": 125
					},
					"frame": {
						"x": 213,
						"y": 293,
						"w": 56,
						"h": 125
					},
					"anchor": {
						"x": 0.5,
						"y": 0.5
					}
				},
				{
					"filename": "basicos/sin_imagen",
					"rotated": false,
					"trimmed": false,
					"sourceSize": {
						"w": 100,
						"h": 100
					},
					"spriteSourceSize": {
						"x": 0,
						"y": 0,
						"w": 100,
						"h": 100
					},
					"frame": {
						"x": 271,
						"y": 284,
						"w": 100,
						"h": 100
					},
					"anchor": {
						"x": 0.5,
						"y": 0.5
					}
				},
				{
					"filename": "explosion/explosion_004",
					"rotated": false,
					"trimmed": true,
					"sourceSize": {
						"w": 162,
						"h": 144
					},
					"spriteSourceSize": {
						"x": 26,
						"y": 19,
						"w": 112,
						"h": 98
					},
					"frame": {
						"x": 373,
						"y": 298,
						"w": 112,
						"h": 98
					},
					"anchor": {
						"x": 0.5,
						"y": 0.5
					}
				},
				{
					"filename": "efectos/humo-03",
					"rotated": false,
					"trimmed": true,
					"sourceSize": {
						"w": 161,
						"h": 162
					},
					"spriteSourceSize": {
						"x": 26,
						"y": 36,
						"w": 103,
						"h": 97
					},
					"frame": {
						"x": 487,
						"y": 300,
						"w": 103,
						"h": 97
					},
					"anchor": {
						"x": 0.5,
						"y": 0.5
					}
				},
				{
					"filename": "conejo/conejo_camina1",
					"rotated": false,
					"trimmed": true,
					"sourceSize": {
						"w": 60,
						"h": 106
					},
					"spriteSourceSize": {
						"x": 0,
						"y": 0,
						"w": 60,
						"h": 104
					},
					"frame": {
						"x": 592,
						"y": 300,
						"w": 60,
						"h": 104
					},
					"anchor": {
						"x": 0.5,
						"y": 0.5
					}
				},
				{
					"filename": "efectos/chispa-5",
					"rotated": false,
					"trimmed": true,
					"sourceSize": {
						"w": 222,
						"h": 169
					},
					"spriteSourceSize": {
						"x": 27,
						"y": 62,
						"w": 102,
						"h": 85
					},
					"frame": {
						"x": 654,
						"y": 321,
						"w": 102,
						"h": 85
					},
					"anchor": {
						"x": 0.5,
						"y": 0.5
					}
				},
				{
					"filename": "carreras/auto_azul",
					"rotated": false,
					"trimmed": false,
					"sourceSize": {
						"w": 65,
						"h": 39
					},
					"spriteSourceSize": {
						"x": 0,
						"y": 0,
						"w": 65,
						"h": 39
					},
					"frame": {
						"x": 1191,
						"y": 151,
						"w": 65,
						"h": 39
					},
					"anchor": {
						"x": 0.5,
						"y": 0.5
					}
				},
				{
					"filename": "explosion/explosion_003",
					"rotated": false,
					"trimmed": true,
					"sourceSize": {
						"w": 162,
						"h": 144
					},
					"spriteSourceSize": {
						"x": 36,
						"y": 26,
						"w": 97,
						"h": 86
					},
					"frame": {
						"x": 271,
						"y": 386,
						"w": 97,
						"h": 86
					},
					"anchor": {
						"x": 0.5,
						"y": 0.5
					}
				},
				{
					"filename": "efectos/chispa-2",
					"rotated": false,
					"trimmed": true,
					"sourceSize": {
						"w": 222,
						"h": 169
					},
					"spriteSourceSize": {
						"x": 88,
						"y": 33,
						"w": 105,
						"h": 77
					},
					"frame": {
						"x": 370,
						"y": 398,
						"w": 105,
						"h": 77
					},
					"anchor": {
						"x": 0.5,
						"y": 0.5
					}
				},
				{
					"filename": "efectos/golpe-2",
					"rotated": false,
					"trimmed": true,
					"sourceSize": {
						"w": 173,
						"h": 169
					},
					"spriteSourceSize": {
						"x": 28,
						"y": 28,
						"w": 91,
						"h": 90
					},
					"frame": {
						"x": 477,
						"y": 399,
						"w": 91,
						"h": 90
					},
					"anchor": {
						"x": 0.5,
						"y": 0.5
					}
				},
				{
					"filename": "gallina/gallina_muere",
					"rotated": false,
					"trimmed": false,
					"sourceSize": {
						"w": 82,
						"h": 92
					},
					"spriteSourceSize": {
						"x": 0,
						"y": 0,
						"w": 82,
						"h": 92
					},
					"frame": {
						"x": 570,
						"y": 406,
						"w": 82,
						"h": 92
					},
					"anchor": {
						"x": 0.5,
						"y": 0.5
					}
				},
				{
					"filename": "conejo/conejo_pierde",
					"rotated": false,
					"trimmed": false,
					"sourceSize": {
						"w": 75,
						"h": 87
					},
					"spriteSourceSize": {
						"x": 0,
						"y": 0,
						"w": 75,
						"h": 87
					},
					"frame": {
						"x": 654,
						"y": 408,
						"w": 75,
						"h": 87
					},
					"anchor": {
						"x": 0.5,
						"y": 0.5
					}
				},
				{
					"filename": "objetos/cuchi_2",
					"rotated": false,
					"trimmed": true,
					"sourceSize": {
						"w": 150,
						"h": 150
					},
					"spriteSourceSize": {
						"x": 44,
						"y": 21,
						"w": 57,
						"h": 111
					},
					"frame": {
						"x": 758,
						"y": 321,
						"w": 57,
						"h": 111
					},
					"anchor": {
						"x": 0.5,
						"y": 0.5
					}
				},
				{
					"filename": "cartas/carta",
					"rotated": false,
					"trimmed": false,
					"sourceSize": {
						"w": 70,
						"h": 95
					},
					"spriteSourceSize": {
						"x": 0,
						"y": 0,
						"w": 70,
						"h": 95
					},
					"frame": {
						"x": 817,
						"y": 318,
						"w": 70,
						"h": 95
					},
					"anchor": {
						"x": 0.5,
						"y": 0.5
					}
				},
				{
					"filename": "aliens/martian_7",
					"rotated": false,
					"trimmed": true,
					"sourceSize": {
						"w": 64,
						"h": 67
					},
					"spriteSourceSize": {
						"x": 14,
						"y": 4,
						"w": 47,
						"h": 63
					},
					"frame": {
						"x": 889,
						"y": 318,
						"w": 47,
						"h": 63
					},
					"anchor": {
						"x": 0.5,
						"y": 0.5
					}
				},
				{
					"filename": "gallina/gallina_vuela_2",
					"rotated": false,
					"trimmed": false,
					"sourceSize": {
						"w": 93,
						"h": 67
					},
					"spriteSourceSize": {
						"x": 0,
						"y": 0,
						"w": 93,
						"h": 67
					},
					"frame": {
						"x": 731,
						"y": 434,
						"w": 93,
						"h": 67
					},
					"anchor": {
						"x": 0.5,
						"y": 0.5
					}
				},
				{
					"filename": "cartas/carta_azul",
					"rotated": false,
					"trimmed": false,
					"sourceSize": {
						"w": 70,
						"h": 95
					},
					"spriteSourceSize": {
						"x": 0,
						"y": 0,
						"w": 70,
						"h": 95
					},
					"frame": {
						"x": 826,
						"y": 415,
						"w": 70,
						"h": 95
					},
					"anchor": {
						"x": 0.5,
						"y": 0.5
					}
				},
				{
					"filename": "plataformas/bloque_escalera_superior",
					"rotated": false,
					"trimmed": true,
					"sourceSize": {
						"w": 64,
						"h": 64
					},
					"spriteSourceSize": {
						"x": 0,
						"y": 14,
						"w": 64,
						"h": 50
					},
					"frame": {
						"x": 1191,
						"y": 192,
						"w": 64,
						"h": 50
					},
					"anchor": {
						"x": 0.5,
						"y": 0.5
					}
				},
				{
					"filename": "conejo/conejo_camina2",
					"rotated": false,
					"trimmed": false,
					"sourceSize": {
						"w": 60,
						"h": 104
					},
					"spriteSourceSize": {
						"x": 0,
						"y": 0,
						"w": 60,
						"h": 104
					},
					"frame": {
						"x": 277,
						"y": 847,
						"w": 60,
						"h": 104
					},
					"anchor": {
						"x": 0.5,
						"y": 0.5
					}
				},
				{
					"filename": "nave/nave_enemiga_2",
					"rotated": false,
					"trimmed": false,
					"sourceSize": {
						"w": 50,
						"h": 70
					},
					"spriteSourceSize": {
						"x": 0,
						"y": 0,
						"w": 50,
						"h": 70
					},
					"frame": {
						"x": 1014,
						"y": 30,
						"w": 50,
						"h": 70
					},
					"anchor": {
						"x": 0.5,
						"y": 0.5
					}
				},
				{
					"filename": "objetos/pelota_de_voley",
					"rotated": false,
					"trimmed": false,
					"sourceSize": {
						"w": 49,
						"h": 50
					},
					"spriteSourceSize": {
						"x": 0,
						"y": 0,
						"w": 49,
						"h": 50
					},
					"frame": {
						"x": 1014,
						"y": 102,
						"w": 49,
						"h": 50
					},
					"anchor": {
						"x": 0.5,
						"y": 0.5
					}
				},
				{
					"filename": "conejo/conejo_parado2",
					"rotated": false,
					"trimmed": false,
					"sourceSize": {
						"w": 60,
						"h": 101
					},
					"spriteSourceSize": {
						"x": 0,
						"y": 0,
						"w": 60,
						"h": 101
					},
					"frame": {
						"x": 171,
						"y": 442,
						"w": 60,
						"h": 101
					},
					"anchor": {
						"x": 0.5,
						"y": 0.5
					}
				},
				{
					"filename": "mono/mono_gritar",
					"rotated": false,
					"trimmed": false,
					"sourceSize": {
						"w": 90,
						"h": 70
					},
					"spriteSourceSize": {
						"x": 0,
						"y": 0,
						"w": 90,
						"h": 70
					},
					"frame": {
						"x": 233,
						"y": 474,
						"w": 90,
						"h": 70
					},
					"anchor": {
						"x": 0.5,
						"y": 0.5
					}
				},
				{
					"filename": "mono/mono_normal",
					"rotated": false,
					"trimmed": false,
					"sourceSize": {
						"w": 90,
						"h": 70
					},
					"spriteSourceSize": {
						"x": 0,
						"y": 0,
						"w": 90,
						"h": 70
					},
					"frame": {
						"x": 325,
						"y": 477,
						"w": 90,
						"h": 70
					},
					"anchor": {
						"x": 0.5,
						"y": 0.5
					}
				},
				{
					"filename": "objetos/bomba",
					"rotated": false,
					"trimmed": false,
					"sourceSize": {
						"w": 55,
						"h": 74
					},
					"spriteSourceSize": {
						"x": 0,
						"y": 0,
						"w": 55,
						"h": 74
					},
					"frame": {
						"x": 417,
						"y": 477,
						"w": 55,
						"h": 74
					},
					"anchor": {
						"x": 0.5,
						"y": 0.5
					}
				},
				{
					"filename": "mono/mono_reir",
					"rotated": false,
					"trimmed": false,
					"sourceSize": {
						"w": 90,
						"h": 70
					},
					"spriteSourceSize": {
						"x": 0,
						"y": 0,
						"w": 90,
						"h": 70
					},
					"frame": {
						"x": 474,
						"y": 491,
						"w": 90,
						"h": 70
					},
					"anchor": {
						"x": 0.5,
						"y": 0.5
					}
				},
				{
					"filename": "bmo/bmo_agachado",
					"rotated": false,
					"trimmed": true,
					"sourceSize": {
						"w": 88,
						"h": 74
					},
					"spriteSourceSize": {
						"x": 2,
						"y": 12,
						"w": 86,
						"h": 62
					},
					"frame": {
						"x": 566,
						"y": 500,
						"w": 86,
						"h": 62
					},
					"anchor": {
						"x": 0.5,
						"y": 0.5
					}
				},
				{
					"filename": "gallina/gallina_vuela_1",
					"rotated": false,
					"trimmed": false,
					"sourceSize": {
						"w": 74,
						"h": 72
					},
					"spriteSourceSize": {
						"x": 0,
						"y": 0,
						"w": 74,
						"h": 72
					},
					"frame": {
						"x": 654,
						"y": 497,
						"w": 74,
						"h": 72
					},
					"anchor": {
						"x": 0.5,
						"y": 0.5
					}
				},
				{
					"filename": "explosion/explosion_002",
					"rotated": false,
					"trimmed": true,
					"sourceSize": {
						"w": 162,
						"h": 144
					},
					"spriteSourceSize": {
						"x": 43,
						"y": 32,
						"w": 83,
						"h": 73
					},
					"frame": {
						"x": 730,
						"y": 503,
						"w": 83,
						"h": 73
					},
					"anchor": {
						"x": 0.5,
						"y": 0.5
					}
				},
				{
					"filename": "bmo/bmo_celebra",
					"rotated": false,
					"trimmed": true,
					"sourceSize": {
						"w": 88,
						"h": 74
					},
					"spriteSourceSize": {
						"x": 3,
						"y": 3,
						"w": 82,
						"h": 71
					},
					"frame": {
						"x": 815,
						"y": 512,
						"w": 82,
						"h": 71
					},
					"anchor": {
						"x": 0.5,
						"y": 0.5
					}
				},
				{
					"filename": "efectos/golpe-1",
					"rotated": false,
					"trimmed": true,
					"sourceSize": {
						"w": 173,
						"h": 169
					},
					"spriteSourceSize": {
						"x": 76,
						"y": 74,
						"w": 25,
						"h": 24
					},
					"frame": {
						"x": 731,
						"y": 408,
						"w": 25,
						"h": 24
					},
					"anchor": {
						"x": 0.5,
						"y": 0.5
					}
				},
				{
					"filename": "enemigos/rana",
					"rotated": false,
					"trimmed": false,
					"sourceSize": {
						"w": 58,
						"h": 39
					},
					"spriteSourceSize": {
						"x": 0,
						"y": 0,
						"w": 58,
						"h": 39
					},
					"frame": {
						"x": 171,
						"y": 545,
						"w": 58,
						"h": 39
					},
					"anchor": {
						"x": 0.5,
						"y": 0.5
					}
				},
				{
					"filename": "conejo/conejo_parado1",
					"rotated": false,
					"trimmed": true,
					"sourceSize": {
						"w": 60,
						"h": 101
					},
					"spriteSourceSize": {
						"x": 0,
						"y": 4,
						"w": 60,
						"h": 97
					},
					"frame": {
						"x": 173,
						"y": 586,
						"w": 60,
						"h": 97
					},
					"anchor": {
						"x": 0.5,
						"y": 0.5
					}
				},
				{
					"filename": "cartas/carta_verde",
					"rotated": false,
					"trimmed": false,
					"sourceSize": {
						"w": 70,
						"h": 95
					},
					"spriteSourceSize": {
						"x": 0,
						"y": 0,
						"w": 70,
						"h": 95
					},
					"frame": {
						"x": 235,
						"y": 546,
						"w": 70,
						"h": 95
					},
					"anchor": {
						"x": 0.5,
						"y": 0.5
					}
				},
				{
					"filename": "basicos/planeta",
					"rotated": false,
					"trimmed": false,
					"sourceSize": {
						"w": 80,
						"h": 80
					},
					"spriteSourceSize": {
						"x": 0,
						"y": 0,
						"w": 80,
						"h": 80
					},
					"frame": {
						"x": 307,
						"y": 549,
						"w": 80,
						"h": 80
					},
					"anchor": {
						"x": 0.5,
						"y": 0.5
					}
				},
				{
					"filename": "enemigos/pez",
					"rotated": false,
					"trimmed": false,
					"sourceSize": {
						"w": 45,
						"h": 60
					},
					"spriteSourceSize": {
						"x": 0,
						"y": 0,
						"w": 45,
						"h": 60
					},
					"frame": {
						"x": 235,
						"y": 643,
						"w": 45,
						"h": 60
					},
					"anchor": {
						"x": 0.5,
						"y": 0.5
					}
				},
				{
					"filename": "bmo/bmo_salta",
					"rotated": false,
					"trimmed": true,
					"sourceSize": {
						"w": 88,
						"h": 74
					},
					"spriteSourceSize": {
						"x": 3,
						"y": 0,
						"w": 82,
						"h": 74
					},
					"frame": {
						"x": 389,
						"y": 553,
						"w": 82,
						"h": 74
					},
					"anchor": {
						"x": 0.5,
						"y": 0.5
					}
				},
				{
					"filename": "bmo/bmo_camina_2",
					"rotated": false,
					"trimmed": true,
					"sourceSize": {
						"w": 88,
						"h": 74
					},
					"spriteSourceSize": {
						"x": 4,
						"y": 5,
						"w": 80,
						"h": 69
					},
					"frame": {
						"x": 473,
						"y": 563,
						"w": 80,
						"h": 69
					},
					"anchor": {
						"x": 0.5,
						"y": 0.5
					}
				},
				{
					"filename": "botones/botones_a",
					"rotated": false,
					"trimmed": false,
					"sourceSize": {
						"w": 80,
						"h": 80
					},
					"spriteSourceSize": {
						"x": 0,
						"y": 0,
						"w": 80,
						"h": 80
					},
					"frame": {
						"x": 555,
						"y": 564,
						"w": 80,
						"h": 80
					},
					"anchor": {
						"x": 0.5,
						"y": 0.5
					}
				},
				{
					"filename": "botones/botones_abajo",
					"rotated": false,
					"trimmed": false,
					"sourceSize": {
						"w": 80,
						"h": 80
					},
					"spriteSourceSize": {
						"x": 0,
						"y": 0,
						"w": 80,
						"h": 80
					},
					"frame": {
						"x": 637,
						"y": 571,
						"w": 80,
						"h": 80
					},
					"anchor": {
						"x": 0.5,
						"y": 0.5
					}
				},
				{
					"filename": "botones/botones_arriba",
					"rotated": false,
					"trimmed": false,
					"sourceSize": {
						"w": 80,
						"h": 80
					},
					"spriteSourceSize": {
						"x": 0,
						"y": 0,
						"w": 80,
						"h": 80
					},
					"frame": {
						"x": 719,
						"y": 578,
						"w": 80,
						"h": 80
					},
					"anchor": {
						"x": 0.5,
						"y": 0.5
					}
				},
				{
					"filename": "botones/botones_b",
					"rotated": false,
					"trimmed": false,
					"sourceSize": {
						"w": 80,
						"h": 80
					},
					"spriteSourceSize": {
						"x": 0,
						"y": 0,
						"w": 80,
						"h": 80
					},
					"frame": {
						"x": 801,
						"y": 585,
						"w": 80,
						"h": 80
					},
					"anchor": {
						"x": 0.5,
						"y": 0.5
					}
				},
				{
					"filename": "tanque/tanque_torreta",
					"rotated": false,
					"trimmed": false,
					"sourceSize": {
						"w": 40,
						"h": 12
					},
					"spriteSourceSize": {
						"x": 0,
						"y": 0,
						"w": 40,
						"h": 12
					},
					"frame": {
						"x": 834,
						"y": 171,
						"w": 40,
						"h": 12
					},
					"anchor": {
						"x": 0.5,
						"y": 0.5
					}
				},
				{
					"filename": "botones/botones_derecha",
					"rotated": false,
					"trimmed": false,
					"sourceSize": {
						"w": 80,
						"h": 80
					},
					"spriteSourceSize": {
						"x": 0,
						"y": 0,
						"w": 80,
						"h": 80
					},
					"frame": {
						"x": 883,
						"y": 585,
						"w": 80,
						"h": 80
					},
					"anchor": {
						"x": 0.5,
						"y": 0.5
					}
				},
				{
					"filename": "botones/botones_izquierda",
					"rotated": false,
					"trimmed": false,
					"sourceSize": {
						"w": 80,
						"h": 80
					},
					"spriteSourceSize": {
						"x": 0,
						"y": 0,
						"w": 80,
						"h": 80
					},
					"frame": {
						"x": 898,
						"y": 386,
						"w": 80,
						"h": 80
					},
					"anchor": {
						"x": 0.5,
						"y": 0.5
					}
				},
				{
					"filename": "bmo/bmo_escala_1",
					"rotated": false,
					"trimmed": true,
					"sourceSize": {
						"w": 79,
						"h": 79
					},
					"spriteSourceSize": {
						"x": 2,
						"y": 0,
						"w": 77,
						"h": 79
					},
					"frame": {
						"x": 980,
						"y": 386,
						"w": 77,
						"h": 79
					},
					"anchor": {
						"x": 0.5,
						"y": 0.5
					}
				},
				{
					"filename": "bmo/bmo_escala_2",
					"rotated": false,
					"trimmed": true,
					"sourceSize": {
						"w": 79,
						"h": 79
					},
					"spriteSourceSize": {
						"x": 2,
						"y": 1,
						"w": 76,
						"h": 78
					},
					"frame": {
						"x": 899,
						"y": 468,
						"w": 76,
						"h": 78
					},
					"anchor": {
						"x": 0.5,
						"y": 0.5
					}
				},
				{
					"filename": "tanque/tanque_ruedas",
					"rotated": false,
					"trimmed": false,
					"sourceSize": {
						"w": 74,
						"h": 35
					},
					"spriteSourceSize": {
						"x": 0,
						"y": 0,
						"w": 74,
						"h": 35
					},
					"frame": {
						"x": 899,
						"y": 548,
						"w": 74,
						"h": 35
					},
					"anchor": {
						"x": 0.5,
						"y": 0.5
					}
				},
				{
					"filename": "objetos/paleta",
					"rotated": false,
					"trimmed": false,
					"sourceSize": {
						"w": 104,
						"h": 24
					},
					"spriteSourceSize": {
						"x": 0,
						"y": 0,
						"w": 104,
						"h": 24
					},
					"frame": {
						"x": 307,
						"y": 631,
						"w": 104,
						"h": 24
					},
					"anchor": {
						"x": 0.5,
						"y": 0.5
					}
				},
				{
					"filename": "nave/nave",
					"rotated": false,
					"trimmed": false,
					"sourceSize": {
						"w": 60,
						"h": 79
					},
					"spriteSourceSize": {
						"x": 0,
						"y": 0,
						"w": 60,
						"h": 79
					},
					"frame": {
						"x": 965,
						"y": 585,
						"w": 60,
						"h": 79
					},
					"anchor": {
						"x": 0.5,
						"y": 0.5
					}
				},
				{
					"filename": "gallina/gallina_vuela_3",
					"rotated": false,
					"trimmed": false,
					"sourceSize": {
						"w": 74,
						"h": 72
					},
					"spriteSourceSize": {
						"x": 0,
						"y": 0,
						"w": 74,
						"h": 72
					},
					"frame": {
						"x": 1178,
						"y": 460,
						"w": 74,
						"h": 72
					},
					"anchor": {
						"x": 0.5,
						"y": 0.5
					}
				},
				{
					"filename": "plataformas/bloque_pulsador_azul_desactivado",
					"rotated": false,
					"trimmed": true,
					"sourceSize": {
						"w": 64,
						"h": 64
					},
					"spriteSourceSize": {
						"x": 3,
						"y": 30,
						"w": 58,
						"h": 34
					},
					"frame": {
						"x": 413,
						"y": 629,
						"w": 58,
						"h": 34
					},
					"anchor": {
						"x": 0.5,
						"y": 0.5
					}
				},
				{
					"filename": "bmo/bmo_camina_1",
					"rotated": false,
					"trimmed": true,
					"sourceSize": {
						"w": 88,
						"h": 74
					},
					"spriteSourceSize": {
						"x": 7,
						"y": 7,
						"w": 74,
						"h": 67
					},
					"frame": {
						"x": 473,
						"y": 634,
						"w": 74,
						"h": 67
					},
					"anchor": {
						"x": 0.5,
						"y": 0.5
					}
				},
				{
					"filename": "tanque/tanque_base",
					"rotated": false,
					"trimmed": false,
					"sourceSize": {
						"w": 83,
						"h": 49
					},
					"spriteSourceSize": {
						"x": 0,
						"y": 0,
						"w": 83,
						"h": 49
					},
					"frame": {
						"x": 549,
						"y": 646,
						"w": 83,
						"h": 49
					},
					"anchor": {
						"x": 0.5,
						"y": 0.5
					}
				},
				{
					"filename": "bmo/bmo_parado",
					"rotated": false,
					"trimmed": true,
					"sourceSize": {
						"w": 88,
						"h": 74
					},
					"spriteSourceSize": {
						"x": 10,
						"y": 7,
						"w": 68,
						"h": 67
					},
					"frame": {
						"x": 634,
						"y": 653,
						"w": 68,
						"h": 67
					},
					"anchor": {
						"x": 0.5,
						"y": 0.5
					}
				},
				{
					"filename": "gallina/gallina_sin_piel",
					"rotated": false,
					"trimmed": false,
					"sourceSize": {
						"w": 67,
						"h": 77
					},
					"spriteSourceSize": {
						"x": 0,
						"y": 0,
						"w": 67,
						"h": 77
					},
					"frame": {
						"x": 704,
						"y": 660,
						"w": 67,
						"h": 77
					},
					"anchor": {
						"x": 0.5,
						"y": 0.5
					}
				},
				{
					"filename": "aliens/alien_azul",
					"rotated": false,
					"trimmed": false,
					"sourceSize": {
						"w": 64,
						"h": 75
					},
					"spriteSourceSize": {
						"x": 0,
						"y": 0,
						"w": 64,
						"h": 75
					},
					"frame": {
						"x": 773,
						"y": 667,
						"w": 64,
						"h": 75
					},
					"anchor": {
						"x": 0.5,
						"y": 0.5
					}
				},
				{
					"filename": "cursores/cursor_circular",
					"rotated": false,
					"trimmed": true,
					"sourceSize": {
						"w": 72,
						"h": 72
					},
					"spriteSourceSize": {
						"x": 3,
						"y": 3,
						"w": 66,
						"h": 66
					},
					"frame": {
						"x": 839,
						"y": 667,
						"w": 66,
						"h": 66
					},
					"anchor": {
						"x": 0.5,
						"y": 0.5
					}
				},
				{
					"filename": "efectos/humo-02",
					"rotated": false,
					"trimmed": true,
					"sourceSize": {
						"w": 161,
						"h": 162
					},
					"spriteSourceSize": {
						"x": 47,
						"y": 59,
						"w": 66,
						"h": 64
					},
					"frame": {
						"x": 907,
						"y": 667,
						"w": 66,
						"h": 64
					},
					"anchor": {
						"x": 0.5,
						"y": 0.5
					}
				},
				{
					"filename": "carreras/asfalto_1",
					"rotated": false,
					"trimmed": false,
					"sourceSize": {
						"w": 64,
						"h": 64
					},
					"spriteSourceSize": {
						"x": 0,
						"y": 0,
						"w": 64,
						"h": 64
					},
					"frame": {
						"x": 975,
						"y": 666,
						"w": 64,
						"h": 64
					},
					"anchor": {
						"x": 0.5,
						"y": 0.5
					}
				},
				{
					"filename": "carreras/auto_amarillo",
					"rotated": false,
					"trimmed": false,
					"sourceSize": {
						"w": 70,
						"h": 39
					},
					"spriteSourceSize": {
						"x": 0,
						"y": 0,
						"w": 70,
						"h": 39
					},
					"frame": {
						"x": 282,
						"y": 657,
						"w": 70,
						"h": 39
					},
					"anchor": {
						"x": 0.5,
						"y": 0.5
					}
				},
				{
					"filename": "carreras/asfalto_2",
					"rotated": false,
					"trimmed": false,
					"sourceSize": {
						"w": 64,
						"h": 64
					},
					"spriteSourceSize": {
						"x": 0,
						"y": 0,
						"w": 64,
						"h": 64
					},
					"frame": {
						"x": 283,
						"y": 698,
						"w": 64,
						"h": 64
					},
					"anchor": {
						"x": 0.5,
						"y": 0.5
					}
				},
				{
					"filename": "carreras/asfalto_3",
					"rotated": false,
					"trimmed": false,
					"sourceSize": {
						"w": 64,
						"h": 64
					},
					"spriteSourceSize": {
						"x": 0,
						"y": 0,
						"w": 64,
						"h": 64
					},
					"frame": {
						"x": 283,
						"y": 764,
						"w": 64,
						"h": 64
					},
					"anchor": {
						"x": 0.5,
						"y": 0.5
					}
				},
				{
					"filename": "enemigos/enemigo-verde-camina-2",
					"rotated": false,
					"trimmed": true,
					"sourceSize": {
						"w": 57,
						"h": 34
					},
					"spriteSourceSize": {
						"x": 0,
						"y": 3,
						"w": 57,
						"h": 31
					},
					"frame": {
						"x": 354,
						"y": 657,
						"w": 57,
						"h": 31
					},
					"anchor": {
						"x": 0.5,
						"y": 0.5
					}
				},
				{
					"filename": "objetos/asteroide_grande",
					"rotated": false,
					"trimmed": false,
					"sourceSize": {
						"w": 55,
						"h": 54
					},
					"spriteSourceSize": {
						"x": 0,
						"y": 0,
						"w": 55,
						"h": 54
					},
					"frame": {
						"x": 413,
						"y": 665,
						"w": 55,
						"h": 54
					},
					"anchor": {
						"x": 0.5,
						"y": 0.5
					}
				},
				{
					"filename": "carreras/auto_verde",
					"rotated": false,
					"trimmed": false,
					"sourceSize": {
						"w": 70,
						"h": 39
					},
					"spriteSourceSize": {
						"x": 0,
						"y": 0,
						"w": 70,
						"h": 39
					},
					"frame": {
						"x": 470,
						"y": 703,
						"w": 70,
						"h": 39
					},
					"anchor": {
						"x": 0.5,
						"y": 0.5
					}
				},
				{
					"filename": "objetos/bomba_1",
					"rotated": false,
					"trimmed": true,
					"sourceSize": {
						"w": 68,
						"h": 63
					},
					"spriteSourceSize": {
						"x": 0,
						"y": 0,
						"w": 62,
						"h": 57
					},
					"frame": {
						"x": 349,
						"y": 698,
						"w": 62,
						"h": 57
					},
					"anchor": {
						"x": 0.5,
						"y": 0.5
					}
				},
				{
					"filename": "carreras/asfalto_4",
					"rotated": false,
					"trimmed": false,
					"sourceSize": {
						"w": 64,
						"h": 64
					},
					"spriteSourceSize": {
						"x": 0,
						"y": 0,
						"w": 64,
						"h": 64
					},
					"frame": {
						"x": 349,
						"y": 757,
						"w": 64,
						"h": 64
					},
					"anchor": {
						"x": 0.5,
						"y": 0.5
					}
				},
				{
					"filename": "enemigos/enemigo-verde-camina-1",
					"rotated": false,
					"trimmed": true,
					"sourceSize": {
						"w": 57,
						"h": 34
					},
					"spriteSourceSize": {
						"x": 3,
						"y": 0,
						"w": 51,
						"h": 34
					},
					"frame": {
						"x": 413,
						"y": 721,
						"w": 51,
						"h": 34
					},
					"anchor": {
						"x": 0.5,
						"y": 0.5
					}
				},
				{
					"filename": "figuras/circulo_azul",
					"rotated": false,
					"trimmed": false,
					"sourceSize": {
						"w": 64,
						"h": 64
					},
					"spriteSourceSize": {
						"x": 0,
						"y": 0,
						"w": 64,
						"h": 64
					},
					"frame": {
						"x": 415,
						"y": 757,
						"w": 64,
						"h": 64
					},
					"anchor": {
						"x": 0.5,
						"y": 0.5
					}
				},
				{
					"filename": "figuras/circulo_blanco",
					"rotated": false,
					"trimmed": false,
					"sourceSize": {
						"w": 64,
						"h": 64
					},
					"spriteSourceSize": {
						"x": 0,
						"y": 0,
						"w": 64,
						"h": 64
					},
					"frame": {
						"x": 481,
						"y": 744,
						"w": 64,
						"h": 64
					},
					"anchor": {
						"x": 0.5,
						"y": 0.5
					}
				},
				{
					"filename": "botones/interruptor-no",
					"rotated": false,
					"trimmed": false,
					"sourceSize": {
						"w": 66,
						"h": 30
					},
					"spriteSourceSize": {
						"x": 0,
						"y": 0,
						"w": 66,
						"h": 30
					},
					"frame": {
						"x": 481,
						"y": 810,
						"w": 66,
						"h": 30
					},
					"anchor": {
						"x": 0.5,
						"y": 0.5
					}
				},
				{
					"filename": "botones/interruptor-si",
					"rotated": false,
					"trimmed": false,
					"sourceSize": {
						"w": 66,
						"h": 30
					},
					"spriteSourceSize": {
						"x": 0,
						"y": 0,
						"w": 66,
						"h": 30
					},
					"frame": {
						"x": 839,
						"y": 735,
						"w": 66,
						"h": 30
					},
					"anchor": {
						"x": 0.5,
						"y": 0.5
					}
				},
				{
					"filename": "objetos/pato",
					"rotated": false,
					"trimmed": false,
					"sourceSize": {
						"w": 64,
						"h": 61
					},
					"spriteSourceSize": {
						"x": 0,
						"y": 0,
						"w": 64,
						"h": 61
					},
					"frame": {
						"x": 907,
						"y": 733,
						"w": 64,
						"h": 61
					},
					"anchor": {
						"x": 0.5,
						"y": 0.5
					}
				},
				{
					"filename": "mini-explosion/explosion_6",
					"rotated": false,
					"trimmed": true,
					"sourceSize": {
						"w": 32,
						"h": 32
					},
					"spriteSourceSize": {
						"x": 2,
						"y": 3,
						"w": 28,
						"h": 28
					},
					"frame": {
						"x": 881,
						"y": 155,
						"w": 28,
						"h": 28
					},
					"anchor": {
						"x": 0.5,
						"y": 0.5
					}
				},
				{
					"filename": "enemigos/enemigo-verde-golpeado",
					"rotated": false,
					"trimmed": true,
					"sourceSize": {
						"w": 57,
						"h": 34
					},
					"spriteSourceSize": {
						"x": 0,
						"y": 20,
						"w": 57,
						"h": 14
					},
					"frame": {
						"x": 277,
						"y": 953,
						"w": 57,
						"h": 14
					},
					"anchor": {
						"x": 0.5,
						"y": 0.5
					}
				},
				{
					"filename": "objetos/bloque_arkanoid_amarillo",
					"rotated": false,
					"trimmed": false,
					"sourceSize": {
						"w": 64,
						"h": 32
					},
					"spriteSourceSize": {
						"x": 0,
						"y": 0,
						"w": 64,
						"h": 32
					},
					"frame": {
						"x": 349,
						"y": 823,
						"w": 64,
						"h": 32
					},
					"anchor": {
						"x": 0.5,
						"y": 0.5
					}
				},
				{
					"filename": "figuras/circulo_negro",
					"rotated": false,
					"trimmed": false,
					"sourceSize": {
						"w": 64,
						"h": 64
					},
					"spriteSourceSize": {
						"x": 0,
						"y": 0,
						"w": 64,
						"h": 64
					},
					"frame": {
						"x": 339,
						"y": 857,
						"w": 64,
						"h": 64
					},
					"anchor": {
						"x": 0.5,
						"y": 0.5
					}
				},
				{
					"filename": "objetos/bloque_arkanoid_azul",
					"rotated": false,
					"trimmed": false,
					"sourceSize": {
						"w": 64,
						"h": 32
					},
					"spriteSourceSize": {
						"x": 0,
						"y": 0,
						"w": 64,
						"h": 32
					},
					"frame": {
						"x": 415,
						"y": 823,
						"w": 64,
						"h": 32
					},
					"anchor": {
						"x": 0.5,
						"y": 0.5
					}
				},
				{
					"filename": "figuras/circulo_rojo",
					"rotated": false,
					"trimmed": false,
					"sourceSize": {
						"w": 64,
						"h": 64
					},
					"spriteSourceSize": {
						"x": 0,
						"y": 0,
						"w": 64,
						"h": 64
					},
					"frame": {
						"x": 405,
						"y": 857,
						"w": 64,
						"h": 64
					},
					"anchor": {
						"x": 0.5,
						"y": 0.5
					}
				},
				{
					"filename": "objetos/bloque_arkanoid_verde",
					"rotated": false,
					"trimmed": false,
					"sourceSize": {
						"w": 64,
						"h": 32
					},
					"spriteSourceSize": {
						"x": 0,
						"y": 0,
						"w": 64,
						"h": 32
					},
					"frame": {
						"x": 339,
						"y": 923,
						"w": 64,
						"h": 32
					},
					"anchor": {
						"x": 0.5,
						"y": 0.5
					}
				},
				{
					"filename": "carreras/auto_rojo",
					"rotated": false,
					"trimmed": false,
					"sourceSize": {
						"w": 62,
						"h": 40
					},
					"spriteSourceSize": {
						"x": 0,
						"y": 0,
						"w": 62,
						"h": 40
					},
					"frame": {
						"x": 405,
						"y": 923,
						"w": 62,
						"h": 40
					},
					"anchor": {
						"x": 0.5,
						"y": 0.5
					}
				},
				{
					"filename": "figuras/circulo_verde",
					"rotated": false,
					"trimmed": false,
					"sourceSize": {
						"w": 64,
						"h": 64
					},
					"spriteSourceSize": {
						"x": 0,
						"y": 0,
						"w": 64,
						"h": 64
					},
					"frame": {
						"x": 481,
						"y": 842,
						"w": 64,
						"h": 64
					},
					"anchor": {
						"x": 0.5,
						"y": 0.5
					}
				},
				{
					"filename": "figuras/cuadrado_azul",
					"rotated": false,
					"trimmed": false,
					"sourceSize": {
						"w": 64,
						"h": 64
					},
					"spriteSourceSize": {
						"x": 0,
						"y": 0,
						"w": 64,
						"h": 64
					},
					"frame": {
						"x": 549,
						"y": 697,
						"w": 64,
						"h": 64
					},
					"anchor": {
						"x": 0.5,
						"y": 0.5
					}
				},
				{
					"filename": "redimensionables/boton-amarillo",
					"rotated": false,
					"trimmed": false,
					"sourceSize": {
						"w": 49,
						"h": 45
					},
					"spriteSourceSize": {
						"x": 0,
						"y": 0,
						"w": 49,
						"h": 45
					},
					"frame": {
						"x": 547,
						"y": 763,
						"w": 49,
						"h": 45
					},
					"anchor": {
						"x": 0.5,
						"y": 0.5
					}
				},
				{
					"filename": "figuras/cuadrado_blanco",
					"rotated": false,
					"trimmed": false,
					"sourceSize": {
						"w": 64,
						"h": 64
					},
					"spriteSourceSize": {
						"x": 0,
						"y": 0,
						"w": 64,
						"h": 64
					},
					"frame": {
						"x": 615,
						"y": 722,
						"w": 64,
						"h": 64
					},
					"anchor": {
						"x": 0.5,
						"y": 0.5
					}
				},
				{
					"filename": "figuras/cuadrado_negro",
					"rotated": false,
					"trimmed": false,
					"sourceSize": {
						"w": 64,
						"h": 64
					},
					"spriteSourceSize": {
						"x": 0,
						"y": 0,
						"w": 64,
						"h": 64
					},
					"frame": {
						"x": 681,
						"y": 739,
						"w": 64,
						"h": 64
					},
					"anchor": {
						"x": 0.5,
						"y": 0.5
					}
				},
				{
					"filename": "figuras/cuadrado_rojo",
					"rotated": false,
					"trimmed": false,
					"sourceSize": {
						"w": 64,
						"h": 64
					},
					"spriteSourceSize": {
						"x": 0,
						"y": 0,
						"w": 64,
						"h": 64
					},
					"frame": {
						"x": 747,
						"y": 744,
						"w": 64,
						"h": 64
					},
					"anchor": {
						"x": 0.5,
						"y": 0.5
					}
				},
				{
					"filename": "figuras/cuadrado_verde",
					"rotated": false,
					"trimmed": false,
					"sourceSize": {
						"w": 64,
						"h": 64
					},
					"spriteSourceSize": {
						"x": 0,
						"y": 0,
						"w": 64,
						"h": 64
					},
					"frame": {
						"x": 813,
						"y": 767,
						"w": 64,
						"h": 64
					},
					"anchor": {
						"x": 0.5,
						"y": 0.5
					}
				},
				{
					"filename": "efectos/humo-01",
					"rotated": false,
					"trimmed": true,
					"sourceSize": {
						"w": 161,
						"h": 162
					},
					"spriteSourceSize": {
						"x": 69,
						"y": 79,
						"w": 26,
						"h": 28
					},
					"frame": {
						"x": 879,
						"y": 767,
						"w": 26,
						"h": 28
					},
					"anchor": {
						"x": 0.5,
						"y": 0.5
					}
				},
				{
					"filename": "aliens/martian_2",
					"rotated": false,
					"trimmed": true,
					"sourceSize": {
						"w": 64,
						"h": 67
					},
					"spriteSourceSize": {
						"x": 14,
						"y": 6,
						"w": 50,
						"h": 61
					},
					"frame": {
						"x": 549,
						"y": 810,
						"w": 50,
						"h": 61
					},
					"anchor": {
						"x": 0.5,
						"y": 0.5
					}
				},
				{
					"filename": "objetos/engranaje",
					"rotated": false,
					"trimmed": false,
					"sourceSize": {
						"w": 64,
						"h": 64
					},
					"spriteSourceSize": {
						"x": 0,
						"y": 0,
						"w": 64,
						"h": 64
					},
					"frame": {
						"x": 601,
						"y": 788,
						"w": 64,
						"h": 64
					},
					"anchor": {
						"x": 0.5,
						"y": 0.5
					}
				},
				{
					"filename": "objetos/mira",
					"rotated": false,
					"trimmed": false,
					"sourceSize": {
						"w": 64,
						"h": 64
					},
					"spriteSourceSize": {
						"x": 0,
						"y": 0,
						"w": 64,
						"h": 64
					},
					"frame": {
						"x": 667,
						"y": 805,
						"w": 64,
						"h": 64
					},
					"anchor": {
						"x": 0.5,
						"y": 0.5
					}
				},
				{
					"filename": "plataformas/bloque_azul",
					"rotated": false,
					"trimmed": false,
					"sourceSize": {
						"w": 64,
						"h": 64
					},
					"spriteSourceSize": {
						"x": 0,
						"y": 0,
						"w": 64,
						"h": 64
					},
					"frame": {
						"x": 733,
						"y": 810,
						"w": 64,
						"h": 64
					},
					"anchor": {
						"x": 0.5,
						"y": 0.5
					}
				},
				{
					"filename": "plataformas/bloque_cemento",
					"rotated": false,
					"trimmed": false,
					"sourceSize": {
						"w": 64,
						"h": 64
					},
					"spriteSourceSize": {
						"x": 0,
						"y": 0,
						"w": 64,
						"h": 64
					},
					"frame": {
						"x": 601,
						"y": 854,
						"w": 64,
						"h": 64
					},
					"anchor": {
						"x": 0.5,
						"y": 0.5
					}
				},
				{
					"filename": "aliens/martian_9",
					"rotated": false,
					"trimmed": true,
					"sourceSize": {
						"w": 64,
						"h": 67
					},
					"spriteSourceSize": {
						"x": 11,
						"y": 3,
						"w": 52,
						"h": 64
					},
					"frame": {
						"x": 547,
						"y": 873,
						"w": 52,
						"h": 64
					},
					"anchor": {
						"x": 0.5,
						"y": 0.5
					}
				},
				{
					"filename": "plataformas/bloque_escalera",
					"rotated": false,
					"trimmed": false,
					"sourceSize": {
						"w": 64,
						"h": 64
					},
					"spriteSourceSize": {
						"x": 0,
						"y": 0,
						"w": 64,
						"h": 64
					},
					"frame": {
						"x": 667,
						"y": 871,
						"w": 64,
						"h": 64
					},
					"anchor": {
						"x": 0.5,
						"y": 0.5
					}
				},
				{
					"filename": "plataformas/bloque_gris",
					"rotated": false,
					"trimmed": false,
					"sourceSize": {
						"w": 64,
						"h": 64
					},
					"spriteSourceSize": {
						"x": 0,
						"y": 0,
						"w": 64,
						"h": 64
					},
					"frame": {
						"x": 733,
						"y": 876,
						"w": 64,
						"h": 64
					},
					"anchor": {
						"x": 0.5,
						"y": 0.5
					}
				},
				{
					"filename": "plataformas/bloque_ladrillo",
					"rotated": false,
					"trimmed": false,
					"sourceSize": {
						"w": 64,
						"h": 64
					},
					"spriteSourceSize": {
						"x": 0,
						"y": 0,
						"w": 64,
						"h": 64
					},
					"frame": {
						"x": 799,
						"y": 833,
						"w": 64,
						"h": 64
					},
					"anchor": {
						"x": 0.5,
						"y": 0.5
					}
				},
				{
					"filename": "plataformas/bloque_para_llave",
					"rotated": false,
					"trimmed": false,
					"sourceSize": {
						"w": 64,
						"h": 64
					},
					"spriteSourceSize": {
						"x": 0,
						"y": 0,
						"w": 64,
						"h": 64
					},
					"frame": {
						"x": 799,
						"y": 899,
						"w": 64,
						"h": 64
					},
					"anchor": {
						"x": 0.5,
						"y": 0.5
					}
				},
				{
					"filename": "aliens/martian_5",
					"rotated": false,
					"trimmed": true,
					"sourceSize": {
						"w": 64,
						"h": 67
					},
					"spriteSourceSize": {
						"x": 16,
						"y": 1,
						"w": 45,
						"h": 66
					},
					"frame": {
						"x": 865,
						"y": 833,
						"w": 45,
						"h": 66
					},
					"anchor": {
						"x": 0.5,
						"y": 0.5
					}
				},
				{
					"filename": "plataformas/bloque_pasto",
					"rotated": false,
					"trimmed": false,
					"sourceSize": {
						"w": 64,
						"h": 64
					},
					"spriteSourceSize": {
						"x": 0,
						"y": 0,
						"w": 64,
						"h": 64
					},
					"frame": {
						"x": 865,
						"y": 901,
						"w": 64,
						"h": 64
					},
					"anchor": {
						"x": 0.5,
						"y": 0.5
					}
				},
				{
					"filename": "dado/dado_1",
					"rotated": false,
					"trimmed": false,
					"sourceSize": {
						"w": 34,
						"h": 34
					},
					"spriteSourceSize": {
						"x": 0,
						"y": 0,
						"w": 34,
						"h": 34
					},
					"frame": {
						"x": 879,
						"y": 797,
						"w": 34,
						"h": 34
					},
					"anchor": {
						"x": 0.5,
						"y": 0.5
					}
				},
				{
					"filename": "plataformas/bloque_tierra",
					"rotated": false,
					"trimmed": false,
					"sourceSize": {
						"w": 64,
						"h": 64
					},
					"spriteSourceSize": {
						"x": 0,
						"y": 0,
						"w": 64,
						"h": 64
					},
					"frame": {
						"x": 915,
						"y": 796,
						"w": 64,
						"h": 64
					},
					"anchor": {
						"x": 0.5,
						"y": 0.5
					}
				},
				{
					"filename": "objetos/aceituna",
					"rotated": false,
					"trimmed": false,
					"sourceSize": {
						"w": 37,
						"h": 37
					},
					"spriteSourceSize": {
						"x": 0,
						"y": 0,
						"w": 37,
						"h": 37
					},
					"frame": {
						"x": 912,
						"y": 862,
						"w": 37,
						"h": 37
					},
					"anchor": {
						"x": 0.5,
						"y": 0.5
					}
				},
				{
					"filename": "objetos/zanahoria_normal",
					"rotated": false,
					"trimmed": true,
					"sourceSize": {
						"w": 64,
						"h": 64
					},
					"spriteSourceSize": {
						"x": 17,
						"y": 0,
						"w": 32,
						"h": 64
					},
					"frame": {
						"x": 931,
						"y": 901,
						"w": 32,
						"h": 64
					},
					"anchor": {
						"x": 0.5,
						"y": 0.5
					}
				},
				{
					"filename": "plataformas/bloque_pulsador_azul_activado",
					"rotated": false,
					"trimmed": true,
					"sourceSize": {
						"w": 64,
						"h": 64
					},
					"spriteSourceSize": {
						"x": 3,
						"y": 42,
						"w": 59,
						"h": 22
					},
					"frame": {
						"x": 601,
						"y": 920,
						"w": 59,
						"h": 22
					},
					"anchor": {
						"x": 0.5,
						"y": 0.5
					}
				},
				{
					"filename": "enemigos/enemigo-verde-golpea",
					"rotated": false,
					"trimmed": true,
					"sourceSize": {
						"w": 57,
						"h": 34
					},
					"spriteSourceSize": {
						"x": 3,
						"y": 0,
						"w": 51,
						"h": 34
					},
					"frame": {
						"x": 469,
						"y": 939,
						"w": 51,
						"h": 34
					},
					"anchor": {
						"x": 0.5,
						"y": 0.5
					}
				},
				{
					"filename": "dado/dado_2",
					"rotated": false,
					"trimmed": false,
					"sourceSize": {
						"w": 34,
						"h": 34
					},
					"spriteSourceSize": {
						"x": 0,
						"y": 0,
						"w": 34,
						"h": 34
					},
					"frame": {
						"x": 522,
						"y": 939,
						"w": 34,
						"h": 34
					},
					"anchor": {
						"x": 0.5,
						"y": 0.5
					}
				},
				{
					"filename": "dado/dado_3",
					"rotated": false,
					"trimmed": false,
					"sourceSize": {
						"w": 34,
						"h": 34
					},
					"spriteSourceSize": {
						"x": 0,
						"y": 0,
						"w": 34,
						"h": 34
					},
					"frame": {
						"x": 558,
						"y": 939,
						"w": 34,
						"h": 34
					},
					"anchor": {
						"x": 0.5,
						"y": 0.5
					}
				},
				{
					"filename": "mini-explosion/explosion_5",
					"rotated": false,
					"trimmed": true,
					"sourceSize": {
						"w": 32,
						"h": 32
					},
					"spriteSourceSize": {
						"x": 0,
						"y": 2,
						"w": 31,
						"h": 29
					},
					"frame": {
						"x": 594,
						"y": 944,
						"w": 31,
						"h": 29
					},
					"anchor": {
						"x": 0.5,
						"y": 0.5
					}
				},
				{
					"filename": "nave/nave_enemiga_1",
					"rotated": false,
					"trimmed": false,
					"sourceSize": {
						"w": 50,
						"h": 61
					},
					"spriteSourceSize": {
						"x": 0,
						"y": 0,
						"w": 50,
						"h": 61
					},
					"frame": {
						"x": 973,
						"y": 733,
						"w": 50,
						"h": 61
					},
					"anchor": {
						"x": 0.5,
						"y": 0.5
					}
				},
				{
					"filename": "aliens/martian_3",
					"rotated": false,
					"trimmed": true,
					"sourceSize": {
						"w": 64,
						"h": 67
					},
					"spriteSourceSize": {
						"x": 12,
						"y": 3,
						"w": 48,
						"h": 64
					},
					"frame": {
						"x": 981,
						"y": 796,
						"w": 48,
						"h": 64
					},
					"anchor": {
						"x": 0.5,
						"y": 0.5
					}
				},
				{
					"filename": "aliens/alien_verde",
					"rotated": false,
					"trimmed": false,
					"sourceSize": {
						"w": 64,
						"h": 63
					},
					"spriteSourceSize": {
						"x": 0,
						"y": 0,
						"w": 64,
						"h": 63
					},
					"frame": {
						"x": 965,
						"y": 862,
						"w": 64,
						"h": 63
					},
					"anchor": {
						"x": 0.5,
						"y": 0.5
					}
				},
				{
					"filename": "enemigos/enemigo-rojo-camina-3",
					"rotated": false,
					"trimmed": false,
					"sourceSize": {
						"w": 49,
						"h": 38
					},
					"spriteSourceSize": {
						"x": 0,
						"y": 0,
						"w": 49,
						"h": 38
					},
					"frame": {
						"x": 965,
						"y": 927,
						"w": 49,
						"h": 38
					},
					"anchor": {
						"x": 0.5,
						"y": 0.5
					}
				},
				{
					"filename": "aliens/martian_1",
					"rotated": false,
					"trimmed": true,
					"sourceSize": {
						"w": 64,
						"h": 67
					},
					"spriteSourceSize": {
						"x": 12,
						"y": 5,
						"w": 52,
						"h": 62
					},
					"frame": {
						"x": 1025,
						"y": 732,
						"w": 52,
						"h": 62
					},
					"anchor": {
						"x": 0.5,
						"y": 0.5
					}
				},
				{
					"filename": "aliens/martian_0",
					"rotated": false,
					"trimmed": true,
					"sourceSize": {
						"w": 64,
						"h": 67
					},
					"spriteSourceSize": {
						"x": 15,
						"y": 4,
						"w": 49,
						"h": 63
					},
					"frame": {
						"x": 1031,
						"y": 796,
						"w": 49,
						"h": 63
					},
					"anchor": {
						"x": 0.5,
						"y": 0.5
					}
				},
				{
					"filename": "aliens/martian_6",
					"rotated": false,
					"trimmed": true,
					"sourceSize": {
						"w": 64,
						"h": 67
					},
					"spriteSourceSize": {
						"x": 15,
						"y": 4,
						"w": 49,
						"h": 63
					},
					"frame": {
						"x": 1031,
						"y": 861,
						"w": 49,
						"h": 63
					},
					"anchor": {
						"x": 0.5,
						"y": 0.5
					}
				},
				{
					"filename": "objetos/zanahoria_sonrie",
					"rotated": false,
					"trimmed": true,
					"sourceSize": {
						"w": 64,
						"h": 64
					},
					"spriteSourceSize": {
						"x": 17,
						"y": 0,
						"w": 32,
						"h": 64
					},
					"frame": {
						"x": 977,
						"y": 468,
						"w": 32,
						"h": 64
					},
					"anchor": {
						"x": 0.5,
						"y": 0.5
					}
				},
				{
					"filename": "aliens/martian_11",
					"rotated": false,
					"trimmed": true,
					"sourceSize": {
						"w": 64,
						"h": 67
					},
					"spriteSourceSize": {
						"x": 13,
						"y": 3,
						"w": 46,
						"h": 63
					},
					"frame": {
						"x": 1011,
						"y": 467,
						"w": 46,
						"h": 63
					},
					"anchor": {
						"x": 0.5,
						"y": 0.5
					}
				},
				{
					"filename": "objetos/bomba_0",
					"rotated": false,
					"trimmed": true,
					"sourceSize": {
						"w": 68,
						"h": 63
					},
					"spriteSourceSize": {
						"x": 1,
						"y": 1,
						"w": 61,
						"h": 56
					},
					"frame": {
						"x": 1059,
						"y": 475,
						"w": 61,
						"h": 56
					},
					"anchor": {
						"x": 0.5,
						"y": 0.5
					}
				},
				{
					"filename": "aliens/martian_10",
					"rotated": false,
					"trimmed": true,
					"sourceSize": {
						"w": 64,
						"h": 67
					},
					"spriteSourceSize": {
						"x": 13,
						"y": 4,
						"w": 48,
						"h": 63
					},
					"frame": {
						"x": 1122,
						"y": 475,
						"w": 48,
						"h": 63
					},
					"anchor": {
						"x": 0.5,
						"y": 0.5
					}
				},
				{
					"filename": "aliens/martian_4",
					"rotated": false,
					"trimmed": true,
					"sourceSize": {
						"w": 64,
						"h": 67
					},
					"spriteSourceSize": {
						"x": 14,
						"y": 18,
						"w": 46,
						"h": 49
					},
					"frame": {
						"x": 977,
						"y": 534,
						"w": 46,
						"h": 49
					},
					"anchor": {
						"x": 0.5,
						"y": 0.5
					}
				},
				{
					"filename": "objetos/torreta",
					"rotated": false,
					"trimmed": true,
					"sourceSize": {
						"w": 32,
						"h": 60
					},
					"spriteSourceSize": {
						"x": 0,
						"y": 0,
						"w": 32,
						"h": 49
					},
					"frame": {
						"x": 1025,
						"y": 532,
						"w": 32,
						"h": 49
					},
					"anchor": {
						"x": 0.5,
						"y": 0.5
					}
				},
				{
					"filename": "enemigos/rana-golpe",
					"rotated": false,
					"trimmed": false,
					"sourceSize": {
						"w": 61,
						"h": 54
					},
					"spriteSourceSize": {
						"x": 0,
						"y": 0,
						"w": 61,
						"h": 54
					},
					"frame": {
						"x": 1059,
						"y": 533,
						"w": 61,
						"h": 54
					},
					"anchor": {
						"x": 0.5,
						"y": 0.5
					}
				},
				{
					"filename": "enemigos/rana-salta",
					"rotated": false,
					"trimmed": false,
					"sourceSize": {
						"w": 61,
						"h": 54
					},
					"spriteSourceSize": {
						"x": 0,
						"y": 0,
						"w": 61,
						"h": 54
					},
					"frame": {
						"x": 1122,
						"y": 540,
						"w": 61,
						"h": 54
					},
					"anchor": {
						"x": 0.5,
						"y": 0.5
					}
				},
				{
					"filename": "objetos/pelota",
					"rotated": false,
					"trimmed": false,
					"sourceSize": {
						"w": 55,
						"h": 54
					},
					"spriteSourceSize": {
						"x": 0,
						"y": 0,
						"w": 55,
						"h": 54
					},
					"frame": {
						"x": 1185,
						"y": 534,
						"w": 55,
						"h": 54
					},
					"anchor": {
						"x": 0.5,
						"y": 0.5
					}
				},
				{
					"filename": "aliens/martian_8",
					"rotated": false,
					"trimmed": true,
					"sourceSize": {
						"w": 64,
						"h": 67
					},
					"spriteSourceSize": {
						"x": 13,
						"y": 4,
						"w": 45,
						"h": 63
					},
					"frame": {
						"x": 1027,
						"y": 589,
						"w": 45,
						"h": 63
					},
					"anchor": {
						"x": 0.5,
						"y": 0.5
					}
				},
				{
					"filename": "basicos/logo",
					"rotated": false,
					"trimmed": true,
					"sourceSize": {
						"w": 60,
						"h": 60
					},
					"spriteSourceSize": {
						"x": 10,
						"y": 0,
						"w": 41,
						"h": 60
					},
					"frame": {
						"x": 1074,
						"y": 589,
						"w": 41,
						"h": 60
					},
					"anchor": {
						"x": 0.5,
						"y": 0.5
					}
				},
				{
					"filename": "objetos/manzana",
					"rotated": false,
					"trimmed": false,
					"sourceSize": {
						"w": 50,
						"h": 52
					},
					"spriteSourceSize": {
						"x": 0,
						"y": 0,
						"w": 50,
						"h": 52
					},
					"frame": {
						"x": 1117,
						"y": 596,
						"w": 50,
						"h": 52
					},
					"anchor": {
						"x": 0.5,
						"y": 0.5
					}
				},
				{
					"filename": "objetos/caja",
					"rotated": false,
					"trimmed": false,
					"sourceSize": {
						"w": 48,
						"h": 48
					},
					"spriteSourceSize": {
						"x": 0,
						"y": 0,
						"w": 48,
						"h": 48
					},
					"frame": {
						"x": 1041,
						"y": 654,
						"w": 48,
						"h": 48
					},
					"anchor": {
						"x": 0.5,
						"y": 0.5
					}
				},
				{
					"filename": "disparos/misil",
					"rotated": false,
					"trimmed": false,
					"sourceSize": {
						"w": 38,
						"h": 26
					},
					"spriteSourceSize": {
						"x": 0,
						"y": 0,
						"w": 38,
						"h": 26
					},
					"frame": {
						"x": 1041,
						"y": 704,
						"w": 38,
						"h": 26
					},
					"anchor": {
						"x": 0.5,
						"y": 0.5
					}
				},
				{
					"filename": "redimensionables/blanco",
					"rotated": false,
					"trimmed": false,
					"sourceSize": {
						"w": 48,
						"h": 48
					},
					"spriteSourceSize": {
						"x": 0,
						"y": 0,
						"w": 48,
						"h": 48
					},
					"frame": {
						"x": 1091,
						"y": 651,
						"w": 48,
						"h": 48
					},
					"anchor": {
						"x": 0.5,
						"y": 0.5
					}
				},
				{
					"filename": "redimensionables/con_bordes_1",
					"rotated": false,
					"trimmed": false,
					"sourceSize": {
						"w": 48,
						"h": 48
					},
					"spriteSourceSize": {
						"x": 0,
						"y": 0,
						"w": 48,
						"h": 48
					},
					"frame": {
						"x": 1141,
						"y": 650,
						"w": 48,
						"h": 48
					},
					"anchor": {
						"x": 0.5,
						"y": 0.5
					}
				},
				{
					"filename": "disparos/laser_2",
					"rotated": false,
					"trimmed": false,
					"sourceSize": {
						"w": 54,
						"h": 9
					},
					"spriteSourceSize": {
						"x": 0,
						"y": 0,
						"w": 54,
						"h": 9
					},
					"frame": {
						"x": 546,
						"y": 28,
						"w": 54,
						"h": 9
					},
					"anchor": {
						"x": 0.5,
						"y": 0.5
					}
				},
				{
					"filename": "particulas/particula_3",
					"rotated": false,
					"trimmed": false,
					"sourceSize": {
						"w": 20,
						"h": 21
					},
					"spriteSourceSize": {
						"x": 0,
						"y": 0,
						"w": 20,
						"h": 21
					},
					"frame": {
						"x": 813,
						"y": 744,
						"w": 20,
						"h": 21
					},
					"anchor": {
						"x": 0.5,
						"y": 0.5
					}
				},
				{
					"filename": "redimensionables/con_bordes_2",
					"rotated": false,
					"trimmed": false,
					"sourceSize": {
						"w": 48,
						"h": 48
					},
					"spriteSourceSize": {
						"x": 0,
						"y": 0,
						"w": 48,
						"h": 48
					},
					"frame": {
						"x": 1169,
						"y": 596,
						"w": 48,
						"h": 48
					},
					"anchor": {
						"x": 0.5,
						"y": 0.5
					}
				},
				{
					"filename": "objetos/diamante_azul",
					"rotated": false,
					"trimmed": true,
					"sourceSize": {
						"w": 64,
						"h": 64
					},
					"spriteSourceSize": {
						"x": 14,
						"y": 17,
						"w": 37,
						"h": 30
					},
					"frame": {
						"x": 1219,
						"y": 590,
						"w": 37,
						"h": 30
					},
					"anchor": {
						"x": 0.5,
						"y": 0.5
					}
				},
				{
					"filename": "objetos/diamante_rojo",
					"rotated": false,
					"trimmed": true,
					"sourceSize": {
						"w": 64,
						"h": 64
					},
					"spriteSourceSize": {
						"x": 14,
						"y": 17,
						"w": 37,
						"h": 30
					},
					"frame": {
						"x": 1219,
						"y": 622,
						"w": 37,
						"h": 30
					},
					"anchor": {
						"x": 0.5,
						"y": 0.5
					}
				},
				{
					"filename": "redimensionables/con_bordes_3",
					"rotated": false,
					"trimmed": false,
					"sourceSize": {
						"w": 48,
						"h": 48
					},
					"spriteSourceSize": {
						"x": 0,
						"y": 0,
						"w": 48,
						"h": 48
					},
					"frame": {
						"x": 1191,
						"y": 654,
						"w": 48,
						"h": 48
					},
					"anchor": {
						"x": 0.5,
						"y": 0.5
					}
				},
				{
					"filename": "tanque/tanque_disparo",
					"rotated": false,
					"trimmed": false,
					"sourceSize": {
						"w": 38,
						"h": 26
					},
					"spriteSourceSize": {
						"x": 0,
						"y": 0,
						"w": 38,
						"h": 26
					},
					"frame": {
						"x": 627,
						"y": 944,
						"w": 38,
						"h": 26
					},
					"anchor": {
						"x": 0.5,
						"y": 0.5
					}
				},
				{
					"filename": "objetos/llave",
					"rotated": false,
					"trimmed": true,
					"sourceSize": {
						"w": 64,
						"h": 64
					},
					"spriteSourceSize": {
						"x": 9,
						"y": 17,
						"w": 46,
						"h": 31
					},
					"frame": {
						"x": 667,
						"y": 942,
						"w": 46,
						"h": 31
					},
					"anchor": {
						"x": 0.5,
						"y": 0.5
					}
				},
				{
					"filename": "mini-explosion/explosion_4",
					"rotated": false,
					"trimmed": true,
					"sourceSize": {
						"w": 32,
						"h": 32
					},
					"spriteSourceSize": {
						"x": 0,
						"y": 0,
						"w": 31,
						"h": 31
					},
					"frame": {
						"x": 715,
						"y": 942,
						"w": 31,
						"h": 31
					},
					"anchor": {
						"x": 0.5,
						"y": 0.5
					}
				},
				{
					"filename": "objetos/diamante_verde",
					"rotated": false,
					"trimmed": true,
					"sourceSize": {
						"w": 64,
						"h": 64
					},
					"spriteSourceSize": {
						"x": 14,
						"y": 17,
						"w": 37,
						"h": 30
					},
					"frame": {
						"x": 748,
						"y": 942,
						"w": 37,
						"h": 30
					},
					"anchor": {
						"x": 0.5,
						"y": 0.5
					}
				},
				{
					"filename": "objetos/banana_0",
					"rotated": false,
					"trimmed": true,
					"sourceSize": {
						"w": 40,
						"h": 45
					},
					"spriteSourceSize": {
						"x": 0,
						"y": 0,
						"w": 35,
						"h": 45
					},
					"frame": {
						"x": 233,
						"y": 420,
						"w": 35,
						"h": 45
					},
					"anchor": {
						"x": 0.5,
						"y": 0.5
					}
				},
				{
					"filename": "pixelados/pixel_player_0",
					"rotated": false,
					"trimmed": true,
					"sourceSize": {
						"w": 27,
						"h": 33
					},
					"spriteSourceSize": {
						"x": 2,
						"y": 0,
						"w": 23,
						"h": 33
					},
					"frame": {
						"x": 1,
						"y": 630,
						"w": 23,
						"h": 33
					},
					"anchor": {
						"x": 0.5,
						"y": 0.5
					}
				},
				{
					"filename": "pixelados/pixel_player_1",
					"rotated": false,
					"trimmed": true,
					"sourceSize": {
						"w": 27,
						"h": 33
					},
					"spriteSourceSize": {
						"x": 2,
						"y": 0,
						"w": 23,
						"h": 33
					},
					"frame": {
						"x": 1,
						"y": 665,
						"w": 23,
						"h": 33
					},
					"anchor": {
						"x": 0.5,
						"y": 0.5
					}
				},
				{
					"filename": "interfaz/interfaz_deslizador",
					"rotated": false,
					"trimmed": false,
					"sourceSize": {
						"w": 28,
						"h": 42
					},
					"spriteSourceSize": {
						"x": 0,
						"y": 0,
						"w": 28,
						"h": 42
					},
					"frame": {
						"x": 1016,
						"y": 927,
						"w": 28,
						"h": 42
					},
					"anchor": {
						"x": 0.5,
						"y": 0.5
					}
				},
				{
					"filename": "objetos/banana_1",
					"rotated": false,
					"trimmed": true,
					"sourceSize": {
						"w": 40,
						"h": 45
					},
					"spriteSourceSize": {
						"x": 0,
						"y": 0,
						"w": 40,
						"h": 44
					},
					"frame": {
						"x": 1046,
						"y": 926,
						"w": 40,
						"h": 44
					},
					"anchor": {
						"x": 0.5,
						"y": 0.5
					}
				},
				{
					"filename": "redimensionables/gris",
					"rotated": false,
					"trimmed": false,
					"sourceSize": {
						"w": 48,
						"h": 48
					},
					"spriteSourceSize": {
						"x": 0,
						"y": 0,
						"w": 48,
						"h": 48
					},
					"frame": {
						"x": 1141,
						"y": 700,
						"w": 48,
						"h": 48
					},
					"anchor": {
						"x": 0.5,
						"y": 0.5
					}
				},
				{
					"filename": "redimensionables/dialogo",
					"rotated": false,
					"trimmed": true,
					"sourceSize": {
						"w": 48,
						"h": 48
					},
					"spriteSourceSize": {
						"x": 4,
						"y": 5,
						"w": 44,
						"h": 43
					},
					"frame": {
						"x": 1191,
						"y": 704,
						"w": 44,
						"h": 43
					},
					"anchor": {
						"x": 0.5,
						"y": 0.5
					}
				},
				{
					"filename": "disparos/laser_3",
					"rotated": false,
					"trimmed": false,
					"sourceSize": {
						"w": 37,
						"h": 13
					},
					"spriteSourceSize": {
						"x": 0,
						"y": 0,
						"w": 37,
						"h": 13
					},
					"frame": {
						"x": 173,
						"y": 685,
						"w": 37,
						"h": 13
					},
					"anchor": {
						"x": 0.5,
						"y": 0.5
					}
				},
				{
					"filename": "carreras/carreras_cono_caido",
					"rotated": false,
					"trimmed": false,
					"sourceSize": {
						"w": 16,
						"h": 15
					},
					"spriteSourceSize": {
						"x": 0,
						"y": 0,
						"w": 16,
						"h": 15
					},
					"frame": {
						"x": 283,
						"y": 830,
						"w": 16,
						"h": 15
					},
					"anchor": {
						"x": 0.5,
						"y": 0.5
					}
				},
				{
					"filename": "monedas/moneda_2",
					"rotated": false,
					"trimmed": true,
					"sourceSize": {
						"w": 16,
						"h": 16
					},
					"spriteSourceSize": {
						"x": 0,
						"y": 0,
						"w": 15,
						"h": 16
					},
					"frame": {
						"x": 598,
						"y": 763,
						"w": 15,
						"h": 16
					},
					"anchor": {
						"x": 0.5,
						"y": 0.5
					}
				},
				{
					"filename": "monedas/moneda_6",
					"rotated": false,
					"trimmed": true,
					"sourceSize": {
						"w": 16,
						"h": 16
					},
					"spriteSourceSize": {
						"x": 0,
						"y": 0,
						"w": 15,
						"h": 16
					},
					"frame": {
						"x": 1241,
						"y": 654,
						"w": 15,
						"h": 16
					},
					"anchor": {
						"x": 0.5,
						"y": 0.5
					}
				},
				{
					"filename": "objetos/tortuga",
					"rotated": false,
					"trimmed": false,
					"sourceSize": {
						"w": 24,
						"h": 24
					},
					"spriteSourceSize": {
						"x": 0,
						"y": 0,
						"w": 24,
						"h": 24
					},
					"frame": {
						"x": 911,
						"y": 155,
						"w": 24,
						"h": 24
					},
					"anchor": {
						"x": 0.5,
						"y": 0.5
					}
				},
				{
					"filename": "carreras/carreras_cono",
					"rotated": false,
					"trimmed": false,
					"sourceSize": {
						"w": 15,
						"h": 15
					},
					"spriteSourceSize": {
						"x": 0,
						"y": 0,
						"w": 15,
						"h": 15
					},
					"frame": {
						"x": 681,
						"y": 722,
						"w": 15,
						"h": 15
					},
					"anchor": {
						"x": 0.5,
						"y": 0.5
					}
				},
				{
					"filename": "disparos/laser",
					"rotated": false,
					"trimmed": false,
					"sourceSize": {
						"w": 37,
						"h": 9
					},
					"spriteSourceSize": {
						"x": 0,
						"y": 0,
						"w": 37,
						"h": 9
					},
					"frame": {
						"x": 301,
						"y": 830,
						"w": 37,
						"h": 9
					},
					"anchor": {
						"x": 0.5,
						"y": 0.5
					}
				},
				{
					"filename": "nave/nave_avanza_1",
					"rotated": false,
					"trimmed": true,
					"sourceSize": {
						"w": 46,
						"h": 45
					},
					"spriteSourceSize": {
						"x": 0,
						"y": 2,
						"w": 45,
						"h": 41
					},
					"frame": {
						"x": 1091,
						"y": 701,
						"w": 45,
						"h": 41
					},
					"anchor": {
						"x": 0.5,
						"y": 0.5
					}
				},
				{
					"filename": "nave/nave_derecha_1",
					"rotated": false,
					"trimmed": true,
					"sourceSize": {
						"w": 46,
						"h": 45
					},
					"spriteSourceSize": {
						"x": 0,
						"y": 2,
						"w": 45,
						"h": 41
					},
					"frame": {
						"x": 1079,
						"y": 744,
						"w": 45,
						"h": 41
					},
					"anchor": {
						"x": 0.5,
						"y": 0.5
					}
				},
				{
					"filename": "nave/nave_izquierda_1",
					"rotated": false,
					"trimmed": true,
					"sourceSize": {
						"w": 46,
						"h": 45
					},
					"spriteSourceSize": {
						"x": 0,
						"y": 2,
						"w": 45,
						"h": 41
					},
					"frame": {
						"x": 1082,
						"y": 787,
						"w": 45,
						"h": 41
					},
					"anchor": {
						"x": 0.5,
						"y": 0.5
					}
				},
				{
					"filename": "nave/nave_avanza_2",
					"rotated": false,
					"trimmed": true,
					"sourceSize": {
						"w": 46,
						"h": 45
					},
					"spriteSourceSize": {
						"x": 3,
						"y": 2,
						"w": 42,
						"h": 41
					},
					"frame": {
						"x": 1082,
						"y": 830,
						"w": 42,
						"h": 41
					},
					"anchor": {
						"x": 0.5,
						"y": 0.5
					}
				},
				{
					"filename": "nave/nave_derecha_2",
					"rotated": false,
					"trimmed": true,
					"sourceSize": {
						"w": 46,
						"h": 45
					},
					"spriteSourceSize": {
						"x": 3,
						"y": 2,
						"w": 42,
						"h": 41
					},
					"frame": {
						"x": 1082,
						"y": 873,
						"w": 42,
						"h": 41
					},
					"anchor": {
						"x": 0.5,
						"y": 0.5
					}
				},
				{
					"filename": "nave/nave_izquierda_2",
					"rotated": false,
					"trimmed": true,
					"sourceSize": {
						"w": 46,
						"h": 45
					},
					"spriteSourceSize": {
						"x": 3,
						"y": 2,
						"w": 42,
						"h": 41
					},
					"frame": {
						"x": 1088,
						"y": 916,
						"w": 42,
						"h": 41
					},
					"anchor": {
						"x": 0.5,
						"y": 0.5
					}
				},
				{
					"filename": "dado/dado_4",
					"rotated": false,
					"trimmed": false,
					"sourceSize": {
						"w": 34,
						"h": 34
					},
					"spriteSourceSize": {
						"x": 0,
						"y": 0,
						"w": 34,
						"h": 34
					},
					"frame": {
						"x": 1126,
						"y": 750,
						"w": 34,
						"h": 34
					},
					"anchor": {
						"x": 0.5,
						"y": 0.5
					}
				},
				{
					"filename": "enemigos/enemigo-rojo-camina-1",
					"rotated": false,
					"trimmed": false,
					"sourceSize": {
						"w": 32,
						"h": 44
					},
					"spriteSourceSize": {
						"x": 0,
						"y": 0,
						"w": 32,
						"h": 44
					},
					"frame": {
						"x": 1129,
						"y": 786,
						"w": 32,
						"h": 44
					},
					"anchor": {
						"x": 0.5,
						"y": 0.5
					}
				},
				{
					"filename": "enemigos/enemigo-rojo-camina-golpeado",
					"rotated": false,
					"trimmed": false,
					"sourceSize": {
						"w": 35,
						"h": 41
					},
					"spriteSourceSize": {
						"x": 0,
						"y": 0,
						"w": 35,
						"h": 41
					},
					"frame": {
						"x": 1126,
						"y": 832,
						"w": 35,
						"h": 41
					},
					"anchor": {
						"x": 0.5,
						"y": 0.5
					}
				},
				{
					"filename": "dado/dado_5",
					"rotated": false,
					"trimmed": false,
					"sourceSize": {
						"w": 34,
						"h": 34
					},
					"spriteSourceSize": {
						"x": 0,
						"y": 0,
						"w": 34,
						"h": 34
					},
					"frame": {
						"x": 1126,
						"y": 875,
						"w": 34,
						"h": 34
					},
					"anchor": {
						"x": 0.5,
						"y": 0.5
					}
				},
				{
					"filename": "enemigos/enemigo-rojo-camina-2",
					"rotated": false,
					"trimmed": false,
					"sourceSize": {
						"w": 32,
						"h": 42
					},
					"spriteSourceSize": {
						"x": 0,
						"y": 0,
						"w": 32,
						"h": 42
					},
					"frame": {
						"x": 1132,
						"y": 911,
						"w": 32,
						"h": 42
					},
					"anchor": {
						"x": 0.5,
						"y": 0.5
					}
				},
				{
					"filename": "dado/dado_6",
					"rotated": false,
					"trimmed": false,
					"sourceSize": {
						"w": 34,
						"h": 34
					},
					"spriteSourceSize": {
						"x": 0,
						"y": 0,
						"w": 34,
						"h": 34
					},
					"frame": {
						"x": 1162,
						"y": 750,
						"w": 34,
						"h": 34
					},
					"anchor": {
						"x": 0.5,
						"y": 0.5
					}
				},
				{
					"filename": "nave/nave_reposo",
					"rotated": false,
					"trimmed": true,
					"sourceSize": {
						"w": 46,
						"h": 45
					},
					"spriteSourceSize": {
						"x": 7,
						"y": 2,
						"w": 38,
						"h": 41
					},
					"frame": {
						"x": 1163,
						"y": 786,
						"w": 38,
						"h": 41
					},
					"anchor": {
						"x": 0.5,
						"y": 0.5
					}
				},
				{
					"filename": "enemigos/pinches-flotando",
					"rotated": false,
					"trimmed": false,
					"sourceSize": {
						"w": 42,
						"h": 40
					},
					"spriteSourceSize": {
						"x": 0,
						"y": 0,
						"w": 42,
						"h": 40
					},
					"frame": {
						"x": 1163,
						"y": 829,
						"w": 42,
						"h": 40
					},
					"anchor": {
						"x": 0.5,
						"y": 0.5
					}
				},
				{
					"filename": "objetos/asteroide_medio",
					"rotated": false,
					"trimmed": true,
					"sourceSize": {
						"w": 35,
						"h": 36
					},
					"spriteSourceSize": {
						"x": 1,
						"y": 3,
						"w": 32,
						"h": 33
					},
					"frame": {
						"x": 1198,
						"y": 749,
						"w": 32,
						"h": 33
					},
					"anchor": {
						"x": 0.5,
						"y": 0.5
					}
				},
				{
					"filename": "pixelados/pixel_player_2",
					"rotated": false,
					"trimmed": false,
					"sourceSize": {
						"w": 27,
						"h": 33
					},
					"spriteSourceSize": {
						"x": 0,
						"y": 0,
						"w": 27,
						"h": 33
					},
					"frame": {
						"x": 1203,
						"y": 784,
						"w": 27,
						"h": 33
					},
					"anchor": {
						"x": 0.5,
						"y": 0.5
					}
				},
				{
					"filename": "cursores/cursor_disparo_negro",
					"rotated": false,
					"trimmed": false,
					"sourceSize": {
						"w": 32,
						"h": 32
					},
					"spriteSourceSize": {
						"x": 0,
						"y": 0,
						"w": 32,
						"h": 32
					},
					"frame": {
						"x": 1207,
						"y": 819,
						"w": 32,
						"h": 32
					},
					"anchor": {
						"x": 0.5,
						"y": 0.5
					}
				},
				{
					"filename": "explosion/explosion_001",
					"rotated": false,
					"trimmed": true,
					"sourceSize": {
						"w": 162,
						"h": 144
					},
					"spriteSourceSize": {
						"x": 66,
						"y": 51,
						"w": 32,
						"h": 30
					},
					"frame": {
						"x": 1207,
						"y": 853,
						"w": 32,
						"h": 30
					},
					"anchor": {
						"x": 0.5,
						"y": 0.5
					}
				},
				{
					"filename": "objetos/asteroide_chico",
					"rotated": false,
					"trimmed": true,
					"sourceSize": {
						"w": 15,
						"h": 14
					},
					"spriteSourceSize": {
						"x": 0,
						"y": 0,
						"w": 14,
						"h": 14
					},
					"frame": {
						"x": 382,
						"y": 149,
						"w": 14,
						"h": 14
					},
					"anchor": {
						"x": 0.5,
						"y": 0.5
					}
				},
				{
					"filename": "monedas/moneda_4",
					"rotated": false,
					"trimmed": true,
					"sourceSize": {
						"w": 16,
						"h": 16
					},
					"spriteSourceSize": {
						"x": 4,
						"y": 0,
						"w": 7,
						"h": 16
					},
					"frame": {
						"x": 133,
						"y": 851,
						"w": 7,
						"h": 16
					},
					"anchor": {
						"x": 0.5,
						"y": 0.5
					}
				},
				{
					"filename": "monedas/moneda_0",
					"rotated": false,
					"trimmed": false,
					"sourceSize": {
						"w": 16,
						"h": 16
					},
					"spriteSourceSize": {
						"x": 0,
						"y": 0,
						"w": 16,
						"h": 16
					},
					"frame": {
						"x": 336,
						"y": 957,
						"w": 16,
						"h": 16
					},
					"anchor": {
						"x": 0.5,
						"y": 0.5
					}
				},
				{
					"filename": "monedas/moneda_1",
					"rotated": false,
					"trimmed": false,
					"sourceSize": {
						"w": 16,
						"h": 16
					},
					"spriteSourceSize": {
						"x": 0,
						"y": 0,
						"w": 16,
						"h": 16
					},
					"frame": {
						"x": 354,
						"y": 957,
						"w": 16,
						"h": 16
					},
					"anchor": {
						"x": 0.5,
						"y": 0.5
					}
				},
				{
					"filename": "monedas/moneda_7",
					"rotated": false,
					"trimmed": false,
					"sourceSize": {
						"w": 16,
						"h": 16
					},
					"spriteSourceSize": {
						"x": 0,
						"y": 0,
						"w": 16,
						"h": 16
					},
					"frame": {
						"x": 372,
						"y": 957,
						"w": 16,
						"h": 16
					},
					"anchor": {
						"x": 0.5,
						"y": 0.5
					}
				},
				{
					"filename": "monedas/moneda_3",
					"rotated": false,
					"trimmed": true,
					"sourceSize": {
						"w": 16,
						"h": 16
					},
					"spriteSourceSize": {
						"x": 1,
						"y": 0,
						"w": 13,
						"h": 16
					},
					"frame": {
						"x": 390,
						"y": 957,
						"w": 13,
						"h": 16
					},
					"anchor": {
						"x": 0.5,
						"y": 0.5
					}
				},
				{
					"filename": "pacman/pacman_5",
					"rotated": false,
					"trimmed": true,
					"sourceSize": {
						"w": 13,
						"h": 13
					},
					"spriteSourceSize": {
						"x": 0,
						"y": 0,
						"w": 10,
						"h": 13
					},
					"frame": {
						"x": 787,
						"y": 942,
						"w": 10,
						"h": 13
					},
					"anchor": {
						"x": 0.5,
						"y": 0.5
					}
				},
				{
					"filename": "particulas/particula_1",
					"rotated": false,
					"trimmed": false,
					"sourceSize": {
						"w": 10,
						"h": 10
					},
					"spriteSourceSize": {
						"x": 0,
						"y": 0,
						"w": 10,
						"h": 10
					},
					"frame": {
						"x": 1079,
						"y": 732,
						"w": 10,
						"h": 10
					},
					"anchor": {
						"x": 0.5,
						"y": 0.5
					}
				},
				{
					"filename": "cursores/cursor_disparo_rojo",
					"rotated": false,
					"trimmed": false,
					"sourceSize": {
						"w": 32,
						"h": 32
					},
					"spriteSourceSize": {
						"x": 0,
						"y": 0,
						"w": 32,
						"h": 32
					},
					"frame": {
						"x": 1163,
						"y": 871,
						"w": 32,
						"h": 32
					},
					"anchor": {
						"x": 0.5,
						"y": 0.5
					}
				},
				{
					"filename": "mini-explosion/explosion_3",
					"rotated": false,
					"trimmed": false,
					"sourceSize": {
						"w": 32,
						"h": 32
					},
					"spriteSourceSize": {
						"x": 0,
						"y": 0,
						"w": 32,
						"h": 32
					},
					"frame": {
						"x": 1166,
						"y": 905,
						"w": 32,
						"h": 32
					},
					"anchor": {
						"x": 0.5,
						"y": 0.5
					}
				},
				{
					"filename": "objetos/corazon_completo",
					"rotated": false,
					"trimmed": true,
					"sourceSize": {
						"w": 64,
						"h": 64
					},
					"spriteSourceSize": {
						"x": 17,
						"y": 19,
						"w": 30,
						"h": 26
					},
					"frame": {
						"x": 1166,
						"y": 939,
						"w": 30,
						"h": 26
					},
					"anchor": {
						"x": 0.5,
						"y": 0.5
					}
				},
				{
					"filename": "objetos/corazon_medio",
					"rotated": false,
					"trimmed": true,
					"sourceSize": {
						"w": 64,
						"h": 64
					},
					"spriteSourceSize": {
						"x": 17,
						"y": 19,
						"w": 30,
						"h": 26
					},
					"frame": {
						"x": 471,
						"y": 908,
						"w": 30,
						"h": 26
					},
					"anchor": {
						"x": 0.5,
						"y": 0.5
					}
				},
				{
					"filename": "objetos/corazon_vacio",
					"rotated": false,
					"trimmed": true,
					"sourceSize": {
						"w": 64,
						"h": 64
					},
					"spriteSourceSize": {
						"x": 17,
						"y": 19,
						"w": 30,
						"h": 26
					},
					"frame": {
						"x": 503,
						"y": 908,
						"w": 30,
						"h": 26
					},
					"anchor": {
						"x": 0.5,
						"y": 0.5
					}
				},
				{
					"filename": "botones/pantalla-completa",
					"rotated": false,
					"trimmed": true,
					"sourceSize": {
						"w": 32,
						"h": 32
					},
					"spriteSourceSize": {
						"x": 1,
						"y": 1,
						"w": 30,
						"h": 30
					},
					"frame": {
						"x": 1200,
						"y": 885,
						"w": 30,
						"h": 30
					},
					"anchor": {
						"x": 0.5,
						"y": 0.5
					}
				},
				{
					"filename": "efectos/chispa-1",
					"rotated": false,
					"trimmed": true,
					"sourceSize": {
						"w": 222,
						"h": 169
					},
					"spriteSourceSize": {
						"x": 97,
						"y": 84,
						"w": 29,
						"h": 21
					},
					"frame": {
						"x": 1200,
						"y": 917,
						"w": 29,
						"h": 21
					},
					"anchor": {
						"x": 0.5,
						"y": 0.5
					}
				},
				{
					"filename": "mini-explosion/explosion_2",
					"rotated": false,
					"trimmed": true,
					"sourceSize": {
						"w": 32,
						"h": 32
					},
					"spriteSourceSize": {
						"x": 2,
						"y": 3,
						"w": 29,
						"h": 27
					},
					"frame": {
						"x": 1198,
						"y": 940,
						"w": 29,
						"h": 27
					},
					"anchor": {
						"x": 0.5,
						"y": 0.5
					}
				},
				{
					"filename": "particulas/particula_2",
					"rotated": false,
					"trimmed": false,
					"sourceSize": {
						"w": 10,
						"h": 10
					},
					"spriteSourceSize": {
						"x": 0,
						"y": 0,
						"w": 10,
						"h": 10
					},
					"frame": {
						"x": 1027,
						"y": 654,
						"w": 10,
						"h": 10
					},
					"anchor": {
						"x": 0.5,
						"y": 0.5
					}
				},
				{
					"filename": "pacman/fantasma_6",
					"rotated": false,
					"trimmed": true,
					"sourceSize": {
						"w": 20,
						"h": 20
					},
					"spriteSourceSize": {
						"x": 2,
						"y": 2,
						"w": 16,
						"h": 16
					},
					"frame": {
						"x": 615,
						"y": 697,
						"w": 16,
						"h": 16
					},
					"anchor": {
						"x": 0.5,
						"y": 0.5
					}
				},
				{
					"filename": "interfaz/interfaz_punto",
					"rotated": false,
					"trimmed": false,
					"sourceSize": {
						"w": 8,
						"h": 10
					},
					"spriteSourceSize": {
						"x": 0,
						"y": 0,
						"w": 8,
						"h": 10
					},
					"frame": {
						"x": 1081,
						"y": 704,
						"w": 8,
						"h": 10
					},
					"anchor": {
						"x": 0.5,
						"y": 0.5
					}
				},
				{
					"filename": "pacman/fantasma_7",
					"rotated": false,
					"trimmed": true,
					"sourceSize": {
						"w": 20,
						"h": 20
					},
					"spriteSourceSize": {
						"x": 2,
						"y": 2,
						"w": 16,
						"h": 16
					},
					"frame": {
						"x": 212,
						"y": 685,
						"w": 16,
						"h": 16
					},
					"anchor": {
						"x": 0.5,
						"y": 0.5
					}
				},
				{
					"filename": "monedas/moneda_5",
					"rotated": false,
					"trimmed": true,
					"sourceSize": {
						"w": 16,
						"h": 16
					},
					"spriteSourceSize": {
						"x": 1,
						"y": 0,
						"w": 13,
						"h": 16
					},
					"frame": {
						"x": 1241,
						"y": 672,
						"w": 13,
						"h": 16
					},
					"anchor": {
						"x": 0.5,
						"y": 0.5
					}
				},
				{
					"filename": "objetos/pelota_azul",
					"rotated": false,
					"trimmed": false,
					"sourceSize": {
						"w": 22,
						"h": 22
					},
					"spriteSourceSize": {
						"x": 0,
						"y": 0,
						"w": 22,
						"h": 22
					},
					"frame": {
						"x": 1232,
						"y": 885,
						"w": 22,
						"h": 22
					},
					"anchor": {
						"x": 0.5,
						"y": 0.5
					}
				},
				{
					"filename": "objetos/pelota_gris",
					"rotated": false,
					"trimmed": false,
					"sourceSize": {
						"w": 22,
						"h": 22
					},
					"spriteSourceSize": {
						"x": 0,
						"y": 0,
						"w": 22,
						"h": 22
					},
					"frame": {
						"x": 1232,
						"y": 909,
						"w": 22,
						"h": 22
					},
					"anchor": {
						"x": 0.5,
						"y": 0.5
					}
				},
				{
					"filename": "mini-explosion/explosion_1",
					"rotated": false,
					"trimmed": true,
					"sourceSize": {
						"w": 32,
						"h": 32
					},
					"spriteSourceSize": {
						"x": 5,
						"y": 6,
						"w": 23,
						"h": 20
					},
					"frame": {
						"x": 1231,
						"y": 933,
						"w": 23,
						"h": 20
					},
					"anchor": {
						"x": 0.5,
						"y": 0.5
					}
				},
				{
					"filename": "pacman/fantasma_azul_0",
					"rotated": false,
					"trimmed": true,
					"sourceSize": {
						"w": 20,
						"h": 20
					},
					"spriteSourceSize": {
						"x": 2,
						"y": 1,
						"w": 16,
						"h": 16
					},
					"frame": {
						"x": 1229,
						"y": 955,
						"w": 16,
						"h": 16
					},
					"anchor": {
						"x": 0.5,
						"y": 0.5
					}
				},
				{
					"filename": "objetos/moneda",
					"rotated": false,
					"trimmed": false,
					"sourceSize": {
						"w": 13,
						"h": 16
					},
					"spriteSourceSize": {
						"x": 0,
						"y": 0,
						"w": 13,
						"h": 16
					},
					"frame": {
						"x": 1242,
						"y": 534,
						"w": 13,
						"h": 16
					},
					"anchor": {
						"x": 0.5,
						"y": 0.5
					}
				},
				{
					"filename": "mini-explosion/explosion_0",
					"rotated": false,
					"trimmed": true,
					"sourceSize": {
						"w": 32,
						"h": 32
					},
					"spriteSourceSize": {
						"x": 10,
						"y": 12,
						"w": 13,
						"h": 13
					},
					"frame": {
						"x": 177,
						"y": 425,
						"w": 13,
						"h": 13
					},
					"anchor": {
						"x": 0.5,
						"y": 0.5
					}
				},
				{
					"filename": "pacman/pacman_4",
					"rotated": false,
					"trimmed": false,
					"sourceSize": {
						"w": 13,
						"h": 13
					},
					"spriteSourceSize": {
						"x": 0,
						"y": 0,
						"w": 13,
						"h": 13
					},
					"frame": {
						"x": 1242,
						"y": 552,
						"w": 13,
						"h": 13
					},
					"anchor": {
						"x": 0.5,
						"y": 0.5
					}
				},
				{
					"filename": "pacman/pacman_6",
					"rotated": false,
					"trimmed": false,
					"sourceSize": {
						"w": 13,
						"h": 13
					},
					"spriteSourceSize": {
						"x": 0,
						"y": 0,
						"w": 13,
						"h": 13
					},
					"frame": {
						"x": 192,
						"y": 425,
						"w": 13,
						"h": 13
					},
					"anchor": {
						"x": 0.5,
						"y": 0.5
					}
				},
				{
					"filename": "pacman/fantasma_azul_1",
					"rotated": false,
					"trimmed": true,
					"sourceSize": {
						"w": 20,
						"h": 20
					},
					"spriteSourceSize": {
						"x": 2,
						"y": 1,
						"w": 16,
						"h": 16
					},
					"frame": {
						"x": 213,
						"y": 420,
						"w": 16,
						"h": 16
					},
					"anchor": {
						"x": 0.5,
						"y": 0.5
					}
				},
				{
					"filename": "basicos/invisible",
					"rotated": false,
					"trimmed": true,
					"sourceSize": {
						"w": 8,
						"h": 8
					},
					"spriteSourceSize": {
						"x": 0,
						"y": 0,
						"w": 3,
						"h": 3
					},
					"frame": {
						"x": 213,
						"y": 149,
						"w": 3,
						"h": 3
					},
					"anchor": {
						"x": 0.5,
						"y": 0.5
					}
				},
				{
					"filename": "basicos/pizarra",
					"rotated": false,
					"trimmed": true,
					"sourceSize": {
						"w": 8,
						"h": 8
					},
					"spriteSourceSize": {
						"x": 0,
						"y": 0,
						"w": 3,
						"h": 3
					},
					"frame": {
						"x": 213,
						"y": 149,
						"w": 3,
						"h": 3
					},
					"anchor": {
						"x": 0.5,
						"y": 0.5
					}
				}
			]
		}
	],
	"meta": {
		"app": "https://www.codeandweb.com/texturepacker",
		"version": "3.0",
		"smartupdate": "$TexturePacker:SmartUpdate:8132b37bf46a82eee4303ae8b0250fe3:4d910f6269dab838fa36f4627ed3c601:090f076f11af587180320e0b2e5117de$"
	}
}
